Фразеологизм,Дефиниция,Источники,Категория,Подкатегория,,,
допасти црна руха,шалити кога свога након смрти,DR_JOSIP_MATESIC_FRAZEOLOSKI_RJECNIK_HRVATSKOGA_ILI_SRPSKOG_JEZIKA,Социально-этическая семантика,Негативная,,,
испити / попити кому самртну,проузроковати чију смрт,DR_JOSIP_MATESIC_FRAZEOLOSKI_RJECNIK_HRVATSKOGA_ILI_SRPSKOG_JEZIKA,Семантика насильственного взаимодействия,,,,
"бити на смртној (самртној, самртничкој) постељи","бити на умору, умирати.",DR_JOSIP_MATESIC_FRAZEOLOSKI_RJECNIK_HRVATSKOGA_ILI_SRPSKOG_JEZIKA; Ђорђе Оташевић ФРАЗЕОЛОШКИ РЕЧНИК СРПСКОГ ЈЕЗИКА,"Аксиологически позитивная репрезентация;
Фаталистическая репрезентация",,,,
од бешике до мотике, од рођења до смрти,DR_JOSIP_MATESIC_FRAZEOLOSKI_RJECNIK_HRVATSKOGA_ILI_SRPSKOG_JEZIKA,Народно-поэтическая репрезентация,,,,
бела смрт,проузрочена мрзавањем / која наступа услед смрзавања организма,DR_JOSIP_MATESIC_FRAZEOLOSKI_RJECNIK_HRVATSKOGA_ILI_SRPSKOG_JEZIKA; Ђорђе Оташевић ФРАЗЕОЛОШКИ РЕЧНИК СРПСКОГ ЈЕЗИКА,Криомортальная семантика,,,,
бити на прагу смрти,"бити близу смрти, бити у великој опасности по живот",DR_JOSIP_MATESIC_FRAZEOLOSKI_RJECNIK_HRVATSKOGA_ILI_SRPSKOG_JEZIKA,Пространственно-переходная модель; Фаталистическая репрезентация; Семантика насильственного взаимодействия,,,,
бити кому смрт,,DR_JOSIP_MATESIC_FRAZEOLOSKI_RJECNIK_HRVATSKOGA_ILI_SRPSKOG_JEZIKA,Семантика насильственного взаимодействия,,,,
неће неко (још) дуго,бити пред смрт,DR_JOSIP_MATESIC_FRAZEOLOSKI_RJECNIK_HRVATSKOGA_ILI_SRPSKOG_JEZIKA; Ђорђе Оташевић ФРАЗЕОЛОШКИ РЕЧНИК СРПСКОГ ЈЕЗИКА,Фаталистическая репрезентация,,,,
блед као смрт,врло блиед,DR_JOSIP_MATESIC_FRAZEOLOSKI_RJECNIK_HRVATSKOGA_ILI_SRPSKOG_JEZIKA; Трофимкина_О_И_Сербохорватско_русскии_фразеологическии_словарь,Социально-этическая семантика,Негативная,,,
"борба, битка (борити, тући се) на живот и [на] смрт","борба до крајњих граница могућности; веома жестока, огорчена борба. / борити се до краја, до победе или пораза, борити се бескомпромисно, огорчено.",DR_JOSIP_MATESIC_FRAZEOLOSKI_RJECNIK_HRVATSKOGA_ILI_SRPSKOG_JEZIKA; Ђорђе Оташевић ФРАЗЕОЛОШКИ РЕЧНИК СРПСКОГ ЈЕЗИКА; Трофимкина_О_И_Сербохорватско_русскии_фразеологическии_словарь,Семантика насильственного взаимодействия,,,,
кад пукне будак више главе ,кад дође / наступи смрт,DR_JOSIP_MATESIC_FRAZEOLOSKI_RJECNIK_HRVATSKOGA_ILI_SRPSKOG_JEZIKA; Ђорђе Оташевић ФРАЗЕОЛОШКИ РЕЧНИК СРПСКОГ ЈЕЗИКА,Народно-поэтическая репрезентация; Темпоральная репрезентация,,,,
Испити (попити) смртна чашу,"издахнути, умрети",DR_JOSIP_MATESIC_FRAZEOLOSKI_RJECNIK_HRVATSKOGA_ILI_SRPSKOG_JEZIKA; Ђорђе Оташевић ФРАЗЕОЛОШКИ РЕЧНИК СРПСКОГ ЈЕЗИКА,Религиозная репрезентация,Библейское,,,
"снађе кога смртна (самртна, умрла) чаша",умрети,DR_JOSIP_MATESIC_FRAZEOLOSKI_RJECNIK_HRVATSKOGA_ILI_SRPSKOG_JEZIKA,Религиозная репрезентация,Библейское,,,
везати се смртним чвором,"заувијек/до смрти бити везан за кога, за што.",DR_JOSIP_MATESIC_FRAZEOLOSKI_RJECNIK_HRVATSKOGA_ILI_SRPSKOG_JEZIKA; Ђорђе Оташевић ФРАЗЕОЛОШКИ РЕЧНИК СРПСКОГ ЈЕЗИКА,Социально-этическая семантика,Положительная,,,
До посљедњег (задњег) даха,"до краја живота, до смрти.",DR_JOSIP_MATESIC_FRAZEOLOSKI_RJECNIK_HRVATSKOGA_ILI_SRPSKOG_JEZIKA; Ђорђе Оташевић ФРАЗЕОЛОШКИ РЕЧНИК СРПСКОГ ЈЕЗИКА,Соматическая репрезентация,,,,
бројити / избројени / одбројени су / бројати посљедње дане ,"бити пред смрћу, очекивати скору смрт",DR_JOSIP_MATESIC_FRAZEOLOSKI_RJECNIK_HRVATSKOGA_ILI_SRPSKOG_JEZIKA; Ђорђе Оташевић ФРАЗЕОЛОШКИ РЕЧНИК СРПСКОГ ЈЕЗИКА,Темпоральная репрезентация; Фаталистическая репрезентация,,,,
смртна је дошла кому,била на самрти,DR_JOSIP_MATESIC_FRAZEOLOSKI_RJECNIK_HRVATSKOGA_ILI_SRPSKOG_JEZIKA,Фаталистическая репрезентация; Персонификация смерти,,,,
"борити се (дијелити се, одијелити се, растати се) с душом","умиратиј, умрети, изђисатијиздахнути, бити на самрти",DR_JOSIP_MATESIC_FRAZEOLOSKI_RJECNIK_HRVATSKOGA_ILI_SRPSKOG_JEZIKA,Религиозная репрезентация,,,,
"имати / носити кога, што на души","бити крив, одговоран за чију смрт/несрећу.",DR_JOSIP_MATESIC_FRAZEOLOSKI_RJECNIK_HRVATSKOGA_ILI_SRPSKOG_JEZIKA; Ђорђе Оташевић ФРАЗЕОЛОШКИ РЕЧНИК СРПСКОГ ЈЕЗИКА,Религиозная репрезентация; Семантика насильственного взаимодействия,,,,
препоручити своју душу [Богу / Господу],"помолили се Богу, уздали се у Бога (обично пред смрт).",DR_JOSIP_MATESIC_FRAZEOLOSKI_RJECNIK_HRVATSKOGA_ILI_SRPSKOG_JEZIKA; Ђорђе Оташевић ФРАЗЕОЛОШКИ РЕЧНИК СРПСКОГ ЈЕЗИКА,Религиозная репрезентация,,,,
узети кому душу јако,измучити/упропастити кога; убити/усмртити кога.,DR_JOSIP_MATESIC_FRAZEOLOSKI_RJECNIK_HRVATSKOGA_ILI_SRPSKOG_JEZIKA,Религиозная репрезентация; Семантика насильственного взаимодействия,,,,
извадити кому џлгерице,"измучити, усмртили кога.",DR_JOSIP_MATESIC_FRAZEOLOSKI_RJECNIK_HRVATSKOGA_ILI_SRPSKOG_JEZIKA; Ђорђе Оташевић ФРАЗЕОЛОШКИ РЕЧНИК СРПСКОГ ЈЕЗИКА,Семантика насильственного взаимодействия; Соматическая репрезентация,,,,
доћи ће ђаво по своје,"1) лоши поступци доносе заслужену касну, настрадат ће кад-тад, догодит ће се несрећа; 2) не може се смрти избјећи.",DR_JOSIP_MATESIC_FRAZEOLOSKI_RJECNIK_HRVATSKOGA_ILI_SRPSKOG_JEZIKA,Фаталистическая репрезентация; Религиозная репрезентация; Дидактика,,,,
укинути кога с гласа,"убити и усмртити кога, одузети кому живот.",DR_JOSIP_MATESIC_FRAZEOLOSKI_RJECNIK_HRVATSKOGA_ILI_SRPSKOG_JEZIKA; Ђорђе Оташевић ФРАЗЕОЛОШКИ РЕЧНИК СРПСКОГ ЈЕЗИКА,Семантика насильственного взаимодействия; Соматическая репрезентация,,,,
гласник смрти,,DR_JOSIP_MATESIC_FRAZEOLOSKI_RJECNIK_HRVATSKOGA_ILI_SRPSKOG_JEZIKA,Фаталистическая репрезентация; Народно-поэтическая репрезентация,,,,
доћи кому до [мртве] главу,доспјети у смртну опасност.,DR_JOSIP_MATESIC_FRAZEOLOSKI_RJECNIK_HRVATSKOGA_ILI_SRPSKOG_JEZIKA,Семантика насильственного взаимодействия; Соматическая репрезентация,,,,
глава је (стоји) кому на коцки,"бити на рубу пропасти, налазити се у смртној опасности.",DR_JOSIP_MATESIC_FRAZEOLOSKI_RJECNIK_HRVATSKOGA_ILI_SRPSKOG_JEZIKA,Семантика насильственного взаимодействия; Соматическая репрезентация,,,,
глава је (кому) у торби,бити | налазити се у животној | у смртној опасности,DR_JOSIP_MATESIC_FRAZEOLOSKI_RJECNIK_HRVATSKOGA_ILI_SRPSKOG_JEZIKA,Семантика насильственного взаимодействия; Соматическая репрезентация,,,,
"метнути (стављати, ставити) главу/живот на коцку","излагати се | изложити се смртној опасности., рискирати живот.",DR_JOSIP_MATESIC_FRAZEOLOSKI_RJECNIK_HRVATSKOGA_ILI_SRPSKOG_JEZIKA; Ђорђе Оташевић ФРАЗЕОЛОШКИ РЕЧНИК СРПСКОГ ЈЕЗИКА,Семантика насильственного взаимодействия; Соматическая репрезентация,,,,
"ставити / стављати (турити / турати, метнути / метати, носити) главу у торбу","излагати се | изложити се великој/смртној опасности, рискирати живот. / изложити се / излагати се смртној опасности.",DR_JOSIP_MATESIC_FRAZEOLOSKI_RJECNIK_HRVATSKOGA_ILI_SRPSKOG_JEZIKA; Ђорђе Оташевић ФРАЗЕОЛОШКИ РЕЧНИК СРПСКОГ ЈЕЗИКА,Семантика насильственного взаимодействия; Соматическая репрезентация,,,,
"носити, понијети главу / кожу на пазар",извргавати се / изложити се смртној опасности.,DR_JOSIP_MATESIC_FRAZEOLOSKI_RJECNIK_HRVATSKOGA_ILI_SRPSKOG_JEZIKA,Народно-поэтическая репрезентация; Семантика насильственного взаимодействия; Соматическая репрезентация,,,,
"радити (сновати , мислити) кому о глави",припремали чију смрт / погибију; крњити чије интересе.,DR_JOSIP_MATESIC_FRAZEOLOSKI_RJECNIK_HRVATSKOGA_ILI_SRPSKOG_JEZIKA,Семантика насильственного взаимодействия; Соматическая репрезентация,,,,
раставити (одијелити) кога главом,убити/усмртити кога.,DR_JOSIP_MATESIC_FRAZEOLOSKI_RJECNIK_HRVATSKOGA_ILI_SRPSKOG_JEZIKA,Семантика насильственного взаимодействия; Соматическая репрезентация,,,,
тражити чију главу,"1) тражити живот другога, захтијевати чију смрт; 2) захтијевати чију оставку.",DR_JOSIP_MATESIC_FRAZEOLOSKI_RJECNIK_HRVATSKOGA_ILI_SRPSKOG_JEZIKA,Семантика насильственного взаимодействия; Соматическая репрезентация,,,,
бити близу гроба,"бити близу смрти, налазити се при крају живота.",DR_JOSIP_MATESIC_FRAZEOLOSKI_RJECNIK_HRVATSKOGA_ILI_SRPSKOG_JEZIKA,Пространственно-переходная модель; Фаталистическая репрезентация; Хтоническая репрезентация,,,,
бити кому гроб,бити чија пропаст,DR_JOSIP_MATESIC_FRAZEOLOSKI_RJECNIK_HRVATSKOGA_ILI_SRPSKOG_JEZIKA,Хтоническая репрезентация; Семантика насильственного взаимодействия,,,,
"бити (стајати, стати) једном ногом у гробу","бити близу смрти, бити на смрт болестан, бити врло стар/немочан",DR_JOSIP_MATESIC_FRAZEOLOSKI_RJECNIK_HRVATSKOGA_ILI_SRPSKOG_JEZIKA; Ђорђе Оташевић ФРАЗЕОЛОШКИ РЕЧНИК СРПСКОГ ЈЕЗИКА,Пространственно-переходная модель; Фаталистическая репрезентация; Хтоническая репрезентация; Соматическая репрезентация,,,,
"бити (стајати, налазити се) на ивици гроба",бити близу смрти,DR_JOSIP_MATESIC_FRAZEOLOSKI_RJECNIK_HRVATSKOGA_ILI_SRPSKOG_JEZIKA,Пространственно-переходная модель; Фаталистическая репрезентация; Хтоническая репрезентация; Соматическая репрезентация,,,,
гледати у гроб,"налазити се на крају свог вијека, бити на крају живота",DR_JOSIP_MATESIC_FRAZEOLOSKI_RJECNIK_HRVATSKOGA_ILI_SRPSKOG_JEZIKA; Ђорђе Оташевић ФРАЗЕОЛОШКИ РЕЧНИК СРПСКОГ ЈЕЗИКА,Соматическая репрезентация; Хтоническая репрезентация; Фаталистическая репрезентация,,,,
"гурати, гурнути (тјерати, стјерати, повући) кога у гроб",тјерати | стјерати | отјерати кога у смрт; уништавати | уништити чије здравље.,DR_JOSIP_MATESIC_FRAZEOLOSKI_RJECNIK_HRVATSKOGA_ILI_SRPSKOG_JEZIKA,Семантика насильственного взаимодействия; Хтоническая репрезентация,,,,
није се нетко [још] ни охладио у гробу,брзо \ нетом послије чије смрти.,DR_JOSIP_MATESIC_FRAZEOLOSKI_RJECNIK_HRVATSKOGA_ILI_SRPSKOG_JEZIKA,Темпоральная репрезентация; Криомортальная семантика; Хтоническая репрезентация,,,,
лећи у гроб,умрети.,DR_JOSIP_MATESIC_FRAZEOLOSKI_RJECNIK_HRVATSKOGA_ILI_SRPSKOG_JEZIKA,Аксиологически позитивная репрезентация; Хтоническая репрезентация,,,,
"однијети (понијети, отићи) што [са собом] у гроб","умрети, а ником не казати тајну",DR_JOSIP_MATESIC_FRAZEOLOSKI_RJECNIK_HRVATSKOGA_ILI_SRPSKOG_JEZIKA,Социально-этическая семантика; Хтоническая репрезентация,Положительная,,,
"отерати (стерати, спремити) [некога] <пре времена> у гроб","скратити кому живот (обично лошим начином живота), убрзати чију смрт. / проузроковати, скривити нечију смрт; убрзати нечију смрт, скратити некоме живот.",DR_JOSIP_MATESIC_FRAZEOLOSKI_RJECNIK_HRVATSKOGA_ILI_SRPSKOG_JEZIKA; Ђорђе Оташевић ФРАЗЕОЛОШКИ РЕЧНИК СРПСКОГ ЈЕЗИКА,Хтоническая репрезентация; Семантика насильственного взаимодействия; Темпоральная репрезентация,,,,
отправити (спремити) кога у гроб,"изазвати, скривити чиjу смрт, бити узрок чиjе смрти",DR_JOSIP_MATESIC_FRAZEOLOSKI_RJECNIK_HRVATSKOGA_ILI_SRPSKOG_JEZIKA,Хтоническая репрезентация; Семантика насильственного взаимодействия; Пространственно-переходная модель,,,,
пасти у гроб,умрети.,DR_JOSIP_MATESIC_FRAZEOLOSKI_RJECNIK_HRVATSKOGA_ILI_SRPSKOG_JEZIKA; Ђорђе Оташевић ФРАЗЕОЛОШКИ РЕЧНИК СРПСКОГ ЈЕЗИКА,Соматическая репрезентация; Хтоническая репрезентация,,,,
сићи у гроб,умрети.,DR_JOSIP_MATESIC_FRAZEOLOSKI_RJECNIK_HRVATSKOGA_ILI_SRPSKOG_JEZIKA,Пространственно-переходная модель; Хтоническая репрезентация,,,,
висјети ногама у гробу,"бити близу смрти, бити на смрт болестан или врло стар.",DR_JOSIP_MATESIC_FRAZEOLOSKI_RJECNIK_HRVATSKOGA_ILI_SRPSKOG_JEZIKA,Соматическая репрезентация; Фаталистическая репрезентация; Хтоническая репрезентация,,,,
живо неопојано гробље,"стар/немоћан човјек, особа пред смрт.",DR_JOSIP_MATESIC_FRAZEOLOSKI_RJECNIK_HRVATSKOGA_ILI_SRPSKOG_JEZIKA,Соматическая репрезентация; Фаталистическая репрезентация; Хтоническая репрезентация,,,,
хладан као смрт,"посве хладан, леден",DR_JOSIP_MATESIC_FRAZEOLOSKI_RJECNIK_HRVATSKOGA_ILI_SRPSKOG_JEZIKA,Социально-этическая семантика; Криомортальная семантика,Негативная,,,
бити (стајати) на белом хлебу,очекивали извршење смртне казне послије изрицања пресуде.,DR_JOSIP_MATESIC_FRAZEOLOSKI_RJECNIK_HRVATSKOGA_ILI_SRPSKOG_JEZIKA; Ђорђе Оташевић ФРАЗЕОЛОШКИ РЕЧНИК СРПСКОГ ЈЕЗИКА,Семантика насильственного взаимодействия; Соматическая репрезентация,,,,
гурнути (турнути) кога у јаму,отерати кога у смрт.,DR_JOSIP_MATESIC_FRAZEOLOSKI_RJECNIK_HRVATSKOGA_ILI_SRPSKOG_JEZIKA; Ђорђе Оташевић ФРАЗЕОЛОШКИ РЕЧНИК СРПСКОГ ЈЕЗИКА,Семантика насильственного взаимодействия; Хтоническая репрезентация,,,,
ударила кога капља,"доживјети срчани напад, умрети од срчаног напада.",DR_JOSIP_MATESIC_FRAZEOLOSKI_RJECNIK_HRVATSKOGA_ILI_SRPSKOG_JEZIKA,Соматическая репрезентация; Семантика насильственного взаимодействия,,,,
чека кога коноп (конопац),очекивати смрт на вјешалима.,DR_JOSIP_MATESIC_FRAZEOLOSKI_RJECNIK_HRVATSKOGA_ILI_SRPSKOG_JEZIKA,Семантика насильственного взаимодействия; Темпоральная репрезентация,,,,
надарити кога свиленим конопцем,осудити кога на смрт дављењем,DR_JOSIP_MATESIC_FRAZEOLOSKI_RJECNIK_HRVATSKOGA_ILI_SRPSKOG_JEZIKA,Семантика насильственного взаимодействия,,,,
"сукати, плести кому, за кога, за чији врат конопац",припремати чију смрт/погибију,DR_JOSIP_MATESIC_FRAZEOLOSKI_RJECNIK_HRVATSKOGA_ILI_SRPSKOG_JEZIKA,Семантика насильственного взаимодействия; Соматическая репрезентация,,,,
послати кому свилени конопац,"дати кому на знање да је осуђен на смрт и да је боље да се сам убије, него да буде предан крвнику (казна којом су султани кажњавали своје војсковође ако су изгубили битку или своје доглавнике кад су код њих пали у немилост).",DR_JOSIP_MATESIC_FRAZEOLOSKI_RJECNIK_HRVATSKOGA_ILI_SRPSKOG_JEZIKA,Семантика насильственного взаимодействия; Социально-этическая семантика,Положительная,,,
заслужити конопац,заслужити смрт вјешањем.,DR_JOSIP_MATESIC_FRAZEOLOSKI_RJECNIK_HRVATSKOGA_ILI_SRPSKOG_JEZIKA,Семантика насильственного взаимодействия,,,,
одбројен је кому корак,"бити близу смрти, бити осуђен на пропаст, ускоро умрети, нестати",DR_JOSIP_MATESIC_FRAZEOLOSKI_RJECNIK_HRVATSKOGA_ILI_SRPSKOG_JEZIKA,Пространственно-переходная модель; Темпоральная репрезентация; Фаталистическая репрезентация,,,,
продати кожу што скупље,"бранити се свим силама, борити се на живот и смрт.",DR_JOSIP_MATESIC_FRAZEOLOSKI_RJECNIK_HRVATSKOGA_ILI_SRPSKOG_JEZIKA,Семантика насильственного взаимодействия; Социально-этическая семантика,Положительная,,,
бити при крају,бити на умору / близу смрти,DR_JOSIP_MATESIC_FRAZEOLOSKI_RJECNIK_HRVATSKOGA_ILI_SRPSKOG_JEZIKA,Пространственно-переходная модель; Фаталистическая репрезентация,,,,
близу је кому крај,бити на умору/близу смрти.,DR_JOSIP_MATESIC_FRAZEOLOSKI_RJECNIK_HRVATSKOGA_ILI_SRPSKOG_JEZIKA,Пространственно-переходная модель; Фаталистическая репрезентация,,,,
бити жедан (жељан) чије крви,"бити жељан освете, радити кому о глави, жељети чију смрт",DR_JOSIP_MATESIC_FRAZEOLOSKI_RJECNIK_HRVATSKOGA_ILI_SRPSKOG_JEZIKA,Соматическая репрезентация; Семантика насильственного взаимодействия,,,,
лебди кому смрт на уснама,"налазити се при крају живота, бити врло близу смрти",DR_JOSIP_MATESIC_FRAZEOLOSKI_RJECNIK_HRVATSKOGA_ILI_SRPSKOG_JEZIKA,Соматическая репрезентация; Фаталистическая репрезентация; Персонификация смерти,,,,
"лебдети, бити, налазити се између живота и смрти",,DR_JOSIP_MATESIC_FRAZEOLOSKI_RJECNIK_HRVATSKOGA_ILI_SRPSKOG_JEZIKA; Ђорђе Оташевић ФРАЗЕОЛОШКИ РЕЧНИК СРПСКОГ ЈЕЗИКА,Пространственно-переходная модель,,,,
Кад лопата зазвони над главом,кад дође смрт,DR_JOSIP_MATESIC_FRAZEOLOSKI_RJECNIK_HRVATSKOGA_ILI_SRPSKOG_JEZIKA,Народно-поэтическая репрезентация; Темпоральная репрезентация,,,,
смртна (страшна) молитва,молитва која се чита тешком болеснику,DR_JOSIP_MATESIC_FRAZEOLOSKI_RJECNIK_HRVATSKOGA_ILI_SRPSKOG_JEZIKA,Религиозная репрезентация,,,,
мршрав као смрт,врло мршрав,DR_JOSIP_MATESIC_FRAZEOLOSKI_RJECNIK_HRVATSKOGA_ILI_SRPSKOG_JEZIKA; Ђорђе Оташевић ФРАЗЕОЛОШКИ РЕЧНИК СРПСКОГ ЈЕЗИКА,Социально-этическая семантика,Негативная,,,
мртав болан,"у најтежој болести, тешко болестан, скоро пред смрт.",DR_JOSIP_MATESIC_FRAZEOLOSKI_RJECNIK_HRVATSKOGA_ILI_SRPSKOG_JEZIKA,Соматическая репрезентация; Фаталистическая репрезентация,,,,
"мислити (помишљати, помислити) на [оно] најгоре",помишљати на самоубојстволна смрт.,DR_JOSIP_MATESIC_FRAZEOLOSKI_RJECNIK_HRVATSKOGA_ILI_SRPSKOG_JEZIKA; Ђорђе Оташевић ФРАЗЕОЛОШКИ РЕЧНИК СРПСКОГ ЈЕЗИКА,Семантика насильственного взаимодействия,,,,
нема ништа од (не)кога,"бити врло слабог здравља, бити близу смрти",DR_JOSIP_MATESIC_FRAZEOLOSKI_RJECNIK_HRVATSKOGA_ILI_SRPSKOG_JEZIKA; Ђорђе Оташевић ФРАЗЕОЛОШКИ РЕЧНИК СРПСКОГ ЈЕЗИКА,Фаталистическая репрезентация,,,,
вечни одмор,смрт,DR_JOSIP_MATESIC_FRAZEOLOSKI_RJECNIK_HRVATSKOGA_ILI_SRPSKOG_JEZIKA,Аксиологически позитивная репрезентация; Религиозная репрезентация,,,,
одзвонити кому посмртно звоно (посмртна звона),огласити чију смрт / какав нестанак; нестати,DR_JOSIP_MATESIC_FRAZEOLOSKI_RJECNIK_HRVATSKOGA_ILI_SRPSKOG_JEZIKA,Религиозная репрезентация,,,,
гледати смрти у  очи (у лице),бити изложен непосредној опасности по живот,DR_JOSIP_MATESIC_FRAZEOLOSKI_RJECNIK_HRVATSKOGA_ILI_SRPSKOG_JEZIKA; Ђорђе Оташевић ФРАЗЕОЛОШКИ РЕЧНИК СРПСКОГ ЈЕЗИКА; Трофимкина_О_И_Сербохорватско_русскии_фразеологическии_словарь,Семантика насильственного взаимодействия; Персонификация смерти,,,,
ондје горе,"на другом свету, након смрти.",DR_JOSIP_MATESIC_FRAZEOLOSKI_RJECNIK_HRVATSKOGA_ILI_SRPSKOG_JEZIKA,Пространственно-переходная модель,,,,
питање живота и/или смрти,"питање опстанка, врло важно питање, крилима ситуација; нешто врло важно и судбоносно.",DR_JOSIP_MATESIC_FRAZEOLOSKI_RJECNIK_HRVATSKOGA_ILI_SRPSKOG_JEZIKA; Ђорђе Оташевић ФРАЗЕОЛОШКИ РЕЧНИК СРПСКОГ ЈЕЗИКА,Социально-этическая семантика,Негативная,,,
лабуђа (лабудова) пјесма/пјев,"посљедњи важнији рад или дјело прије смрти (на крају активнога стварања каква умјетника, научног радника); задње дјело.",DR_JOSIP_MATESIC_FRAZEOLOSKI_RJECNIK_HRVATSKOGA_ILI_SRPSKOG_JEZIKA,Античное наследие (Греция и Рим); Темпоральная репрезентация,,,,
платити смрћу,бити убијен / погубљен.,DR_JOSIP_MATESIC_FRAZEOLOSKI_RJECNIK_HRVATSKOGA_ILI_SRPSKOG_JEZIKA,Семантика насильственного взаимодействия,,,,
умрети (погинути) крај туђега плота, умрети напуштен од свих својих,DR_JOSIP_MATESIC_FRAZEOLOSKI_RJECNIK_HRVATSKOGA_ILI_SRPSKOG_JEZIKA,Социально-этическая семантика; Народно-поэтическая репрезентация,Негативная,,,
почетак краја,брза/скора пропаст/смрт,DR_JOSIP_MATESIC_FRAZEOLOSKI_RJECNIK_HRVATSKOGA_ILI_SRPSKOG_JEZIKA,Темпоральная репрезентация; Фаталистическая репрезентация,,,,
замирисати на погачу,"били близ смрти, приближити се смрти.",DR_JOSIP_MATESIC_FRAZEOLOSKI_RJECNIK_HRVATSKOGA_ILI_SRPSKOG_JEZIKA,Народно-поэтическая репрезентация; Фаталистическая репрезентация,,,,
послати кога по смрт,чекати кога веома дуго; не мочи дочекати да што буде,DR_JOSIP_MATESIC_FRAZEOLOSKI_RJECNIK_HRVATSKOGA_ILI_SRPSKOG_JEZIKA; ПьешчичМиня_Сербские_боснии_ские_и_хорватские_пословицы_и_поговорки_и_их_русские_аналоги; Minja_Pješčić_A_DICTIONARY_OF_PROVERBS_AND_SAYINGS_SERBIAN_BOSNIAN_CROATIAN_AND_THEIR_ENGLISH_EQUIVALENTS,Социально-этическая семантика,Негативная,,,
од повоја до покрова,од рођења до смрти,DR_JOSIP_MATESIC_FRAZEOLOSKI_RJECNIK_HRVATSKOGA_ILI_SRPSKOG_JEZIKA; Ђорђе Оташевић ФРАЗЕОЛОШКИ РЕЧНИК СРПСКОГ ЈЕЗИКА,Народно-поэтическая репрезентация; Фаталистическая репрезентация,,,,
на прагу вјечности,пред смрт,DR_JOSIP_MATESIC_FRAZEOLOSKI_RJECNIK_HRVATSKOGA_ILI_SRPSKOG_JEZIKA,Аксиологически позитивная репрезентация; Пространственно-переходная модель,,,,
до смрти се преплашити / се престрашити,јако су преплашити / престрашити,DR_JOSIP_MATESIC_FRAZEOLOSKI_RJECNIK_HRVATSKOGA_ILI_SRPSKOG_JEZIKA,Социально-этическая семантика,Негативная,,,
разбољети се на смрт,"боловати от болести, која се завршава смрћу; тешко се разбољети",DR_JOSIP_MATESIC_FRAZEOLOSKI_RJECNIK_HRVATSKOGA_ILI_SRPSKOG_JEZIKA,Соматическая репрезентация; Фаталистическая репрезентация,,,,
мртвачка разгледница,извјештај/обавијест о смрти,DR_JOSIP_MATESIC_FRAZEOLOSKI_RJECNIK_HRVATSKOGA_ILI_SRPSKOG_JEZIKA,Фаталистическая репрезентация; Народно-поэтическая репрезентация,,,,
суђен сат,смрт,DR_JOSIP_MATESIC_FRAZEOLOSKI_RJECNIK_HRVATSKOGA_ILI_SRPSKOG_JEZIKA,Темпоральная репрезентация; Фаталистическая репрезентация,,,,
сигурно као смрт,посве сигурно.,DR_JOSIP_MATESIC_FRAZEOLOSKI_RJECNIK_HRVATSKOGA_ILI_SRPSKOG_JEZIKA; Ђорђе Оташевић ФРАЗЕОЛОШКИ РЕЧНИК СРПСКОГ ЈЕЗИКА,Фаталистическая репрезентация,,,,
плести сиједе остали,"неуђата, усидјелица; живјети сама до смрти.",DR_JOSIP_MATESIC_FRAZEOLOSKI_RJECNIK_HRVATSKOGA_ILI_SRPSKOG_JEZIKA,Социально-этическая семантика; Дидактика,Негативная,,,
до смрти увриједити (не)кога,"тешко умриједити кода, наниjети кому тешку увреду / нанети некоме неопростиву увреду.",DR_JOSIP_MATESIC_FRAZEOLOSKI_RJECNIK_HRVATSKOGA_ILI_SRPSKOG_JEZIKA; Ђорђе Оташевић ФРАЗЕОЛОШКИ РЕЧНИК СРПСКОГ ЈЕЗИКА,Социально-этическая семантика; Семантика насильственного взаимодействия,Негативная,,,
на смрт уморан,"јако уморан, преморен",DR_JOSIP_MATESIC_FRAZEOLOSKI_RJECNIK_HRVATSKOGA_ILI_SRPSKOG_JEZIKA; Ђорђе Оташевић ФРАЗЕОЛОШКИ РЕЧНИК СРПСКОГ ЈЕЗИКА,Социально-этическая семантика,Негативная,,,
упрти па до смрти,"нема краја, до краја живота",DR_JOSIP_MATESIC_FRAZEOLOSKI_RJECNIK_HRVATSKOGA_ILI_SRPSKOG_JEZIKA,Фаталистическая репрезентация,,,,
"смртна, мртва, мукла, гробна, црквена, дубока тишина","потпуна / нијема тишина, шутња, мртвило",DR_JOSIP_MATESIC_FRAZEOLOSKI_RJECNIK_HRVATSKOGA_ILI_SRPSKOG_JEZIKA; Ђорђе Оташевић ФРАЗЕОЛОШКИ РЕЧНИК СРПСКОГ ЈЕЗИКА,Социально-этическая семантика; Аксиологически позитивная репрезентация,Негативная,,,
док (докле) кому срце [у грудима] бије (куца),до чије смрти,DR_JOSIP_MATESIC_FRAZEOLOSKI_RJECNIK_HRVATSKOGA_ILI_SRPSKOG_JEZIKA,Соматическая репрезентация; Темпоральная репрезентация,,,,
с оне стране гроба,после смрти,DR_JOSIP_MATESIC_FRAZEOLOSKI_RJECNIK_HRVATSKOGA_ILI_SRPSKOG_JEZIKA; Ђорђе Оташевић ФРАЗЕОЛОШКИ РЕЧНИК СРПСКОГ ЈЕЗИКА,Пространственно-переходная модель; Хтоническая репрезентация,,,,
догорева (гаси се) чија свећа,"гаси се чији живот, приближава се тко смрти.",DR_JOSIP_MATESIC_FRAZEOLOSKI_RJECNIK_HRVATSKOGA_ILI_SRPSKOG_JEZIKA,Фаталистическая репрезентация; Темпоральная репрезентация; Народно-поэтическая репрезентация,,,,
мртвачку свећу купити за кога,жељети кому што скорију смрт,DR_JOSIP_MATESIC_FRAZEOLOSKI_RJECNIK_HRVATSKOGA_ILI_SRPSKOG_JEZIKA,Семантика насильственного взаимодействия; Религиозная репрезентация,,,,
"макнути (смакнути, укинути) кога са света",убити /усмртити кога.,DR_JOSIP_MATESIC_FRAZEOLOSKI_RJECNIK_HRVATSKOGA_ILI_SRPSKOG_JEZIKA; Ђорђе Оташевић ФРАЗЕОЛОШКИ РЕЧНИК СРПСКОГ ЈЕЗИКА,Семантика насильственного взаимодействия; Пространственно-переходная модель,,,,
"послати (отпратити, справити, уклонити) кога на онај (на други) свет",убили кога или скривити чију смрт.,DR_JOSIP_MATESIC_FRAZEOLOSKI_RJECNIK_HRVATSKOGA_ILI_SRPSKOG_JEZIKA,Семантика насильственного взаимодействия; Пространственно-переходная модель,,,,
"мирисати, замирисати на тамјан","преживљавати посљедње дане; приближили се смрти, бити близу смрииипри крају, живота.",DR_JOSIP_MATESIC_FRAZEOLOSKI_RJECNIK_HRVATSKOGA_ILI_SRPSKOG_JEZIKA,Религиозная репрезентация; Фаталистическая репрезентация; Народно-поэтическая репрезентация,,,,
куца кому задња (посљедња) ура,долази кому садњи смртни час.,DR_JOSIP_MATESIC_FRAZEOLOSKI_RJECNIK_HRVATSKOGA_ILI_SRPSKOG_JEZIKA,Темпоральная репрезентация; Фаталистическая репрезентация,,,ура - час? архаизм?,
"посљедња (страшна, задња, умрла) ура","смртни час, смрт.",DR_JOSIP_MATESIC_FRAZEOLOSKI_RJECNIK_HRVATSKOGA_ILI_SRPSKOG_JEZIKA,Темпоральная репрезентация; Фаталистическая репрезентация,,,,
увити / завити се у црно,пасти н велики шало. ожалостити се сбог чије смрти.,DR_JOSIP_MATESIC_FRAZEOLOSKI_RJECNIK_HRVATSKOGA_ILI_SRPSKOG_JEZIKA,Социально-этическая семантика,Негативная,,,
не бити далеко от вјешала,"бити близу смрти, наћи се у смртноj опасности",DR_JOSIP_MATESIC_FRAZEOLOSKI_RJECNIK_HRVATSKOGA_ILI_SRPSKOG_JEZIKA,Семантика насильственного взаимодействия,,,,
задња кому откуцала (откуцнула),бити при крају живота/пред смрт.,DR_JOSIP_MATESIC_FRAZEOLOSKI_RJECNIK_HRVATSKOGA_ILI_SRPSKOG_JEZIKA,Фаталистическая репрезентация,,,,
отјерати (послати) кога у (под) [црну] земљу,проузроковати чију смрт,DR_JOSIP_MATESIC_FRAZEOLOSKI_RJECNIK_HRVATSKOGA_ILI_SRPSKOG_JEZIKA,Семантика насильственного взаимодействия; Хтоническая репрезентация,,,,
помирити кога са земљом,"проузроковати кому смрт, усмртити кога.",DR_JOSIP_MATESIC_FRAZEOLOSKI_RJECNIK_HRVATSKOGA_ILI_SRPSKOG_JEZIKA; Ђорђе Оташевић ФРАЗЕОЛОШКИ РЕЧНИК СРПСКОГ ЈЕЗИКА,Семантика насильственного взаимодействия; Хтоническая репрезентация,,,,
вуче кога земља,"бити стар, изнемогао и на смрт болестан.",DR_JOSIP_MATESIC_FRAZEOLOSKI_RJECNIK_HRVATSKOGA_ILI_SRPSKOG_JEZIKA,Хтоническая репрезентация; Фаталистическая репрезентация,,,,
прегорјели свој живот,"изложити живот смртној опасности, жртвовати се посве",DR_JOSIP_MATESIC_FRAZEOLOSKI_RJECNIK_HRVATSKOGA_ILI_SRPSKOG_JEZIKA,Социально-этическая семантика; Семантика насильственного взаимодействия,Положительная,,,
"Бог [је] узео (позвао, призвао, примио) некога [к себи]","умро је нетко, мртав је. / умрети",DR_JOSIP_MATESIC_FRAZEOLOSKI_RJECNIK_HRVATSKOGA_ILI_SRPSKOG_JEZIKA; Ђорђе Оташевић ФРАЗЕОЛОШКИ РЕЧНИК СРПСКОГ ЈЕЗИКА,Религиозная репрезентация; Пространственно-переходная модель,,,,
дати (предати) Богу душу,"умрети, преминути",DR_JOSIP_MATESIC_FRAZEOLOSKI_RJECNIK_HRVATSKOGA_ILI_SRPSKOG_JEZIKA; Ђорђе Оташевић ФРАЗЕОЛОШКИ РЕЧНИК СРПСКОГ ЈЕЗИКА,Религиозная репрезентация,,,,
"ићи, отићи, спремати се [Богу] на истину",умрети,DR_JOSIP_MATESIC_FRAZEOLOSKI_RJECNIK_HRVATSKOGA_ILI_SRPSKOG_JEZIKA; Ђорђе Оташевић ФРАЗЕОЛОШКИ РЕЧНИК СРПСКОГ ЈЕЗИКА,Религиозная репрезентация; Пространственно-переходная модель,,,,
"ићи, отићи Богу на рачун",умрети,DR_JOSIP_MATESIC_FRAZEOLOSKI_RJECNIK_HRVATSKOGA_ILI_SRPSKOG_JEZIKA,Религиозная репрезентация; Пространственно-переходная модель; Дидактика,,,,
бити богин,"погинути, умрети, бити мртав",DR_JOSIP_MATESIC_FRAZEOLOSKI_RJECNIK_HRVATSKOGA_ILI_SRPSKOG_JEZIKA,Религиозная репрезентация,,,,
"еду га (је, их) црви","бити у гробу, умрети",DR_JOSIP_MATESIC_FRAZEOLOSKI_RJECNIK_HRVATSKOGA_ILI_SRPSKOG_JEZIKA; Ђорђе Оташевић ФРАЗЕОЛОШКИ РЕЧНИК СРПСКОГ ЈЕЗИКА,Хтоническая репрезентация; Телесная деструкция,,,,
куцнуо је чији посљедњи (задњи) час,"предстоји кому скоро умирање, треба умрети.",DR_JOSIP_MATESIC_FRAZEOLOSKI_RJECNIK_HRVATSKOGA_ILI_SRPSKOG_JEZIKA; Ђорђе Оташевић ФРАЗЕОЛОШКИ РЕЧНИК СРПСКОГ ЈЕЗИКА,Темпоральная репрезентация; Фаталистическая репрезентация,,,,
Испустити (пустити) посљедњи дах,"издахнути, умрети",DR_JOSIP_MATESIC_FRAZEOLOSKI_RJECNIK_HRVATSKOGA_ILI_SRPSKOG_JEZIKA,Соматическая репрезентация,,,,
"легати, лећи међу четири даске",потпуно престати дјеловати; умрети.,DR_JOSIP_MATESIC_FRAZEOLOSKI_RJECNIK_HRVATSKOGA_ILI_SRPSKOG_JEZIKA; Ђорђе Оташевић ФРАЗЕОЛОШКИ РЕЧНИК СРПСКОГ ЈЕЗИКА,Народно-поэтическая репрезентация; Хтоническая репрезентация,,,,
испустити дух,"умрети, преминути",DR_JOSIP_MATESIC_FRAZEOLOSKI_RJECNIK_HRVATSKOGA_ILI_SRPSKOG_JEZIKA,Соматическая репрезентация,,,,
предати дух [у руке] Господу (Богу),"умрети, преминути",DR_JOSIP_MATESIC_FRAZEOLOSKI_RJECNIK_HRVATSKOGA_ILI_SRPSKOG_JEZIKA; Ђорђе Оташевић ФРАЗЕОЛОШКИ РЕЧНИК СРПСКОГ ЈЕЗИКА,Религиозная репрезентация,,,,
испаде некому душа,умрети,DR_JOSIP_MATESIC_FRAZEOLOSKI_RJECNIK_HRVATSKOGA_ILI_SRPSKOG_JEZIKA; Ђорђе Оташевић ФРАЗЕОЛОШКИ РЕЧНИК СРПСКОГ ЈЕЗИКА,Религиозная репрезентация; Пространственно-переходная модель,,,,
испустити / предати душу,"умрети, преминути, издахнути",DR_JOSIP_MATESIC_FRAZEOLOSKI_RJECNIK_HRVATSKOGA_ILI_SRPSKOG_JEZIKA,Религиозная репрезентация; Пространственно-переходная модель,,,,
остави некога душа,умрети,DR_JOSIP_MATESIC_FRAZEOLOSKI_RJECNIK_HRVATSKOGA_ILI_SRPSKOG_JEZIKA; Ђорђе Оташевић ФРАЗЕОЛОШКИ РЕЧНИК СРПСКОГ ЈЕЗИКА,Религиозная репрезентация; Пространственно-переходная модель,,,,
мртва глава,"мртвац, покојник; умрла / погинула особа.",DR_JOSIP_MATESIC_FRAZEOLOSKI_RJECNIK_HRVATSKOGA_ILI_SRPSKOG_JEZIKA,Соматическая репрезентация,,,,
носити мртву главу,бити утучен / дубоко потиштен.,DR_JOSIP_MATESIC_FRAZEOLOSKI_RJECNIK_HRVATSKOGA_ILI_SRPSKOG_JEZIKA,Соматическая репрезентация; Социально-этическая семантика,Негативная,,,
уснути [благо] у Господиу,"преминути, умрети",DR_JOSIP_MATESIC_FRAZEOLOSKI_RJECNIK_HRVATSKOGA_ILI_SRPSKOG_JEZIKA; Ђорђе Оташевић ФРАЗЕОЛОШКИ РЕЧНИК СРПСКОГ ЈЕЗИКА,Религиозная репрезентация; Аксиологически позитивная репрезентация,,,,
оставити [своје] кости,"погинути, умрети.",DR_JOSIP_MATESIC_FRAZEOLOSKI_RJECNIK_HRVATSKOGA_ILI_SRPSKOG_JEZIKA,Телесная деструкция; Пространственно-переходная модель,,,,
"расипати, расути кости [по бојиштима (у борбама и си.)]",умирати | умријеити | погибати | погинути.,DR_JOSIP_MATESIC_FRAZEOLOSKI_RJECNIK_HRVATSKOGA_ILI_SRPSKOG_JEZIKA,Семантика насильственного взаимодействия; Телесная деструкция,,,,
"отићи, (преселити се, бити примљен) у Абрахамово крило",умрети,DR_JOSIP_MATESIC_FRAZEOLOSKI_RJECNIK_HRVATSKOGA_ILI_SRPSKOG_JEZIKA,Религиозная репрезентация; Пространственно-переходная модель; Аксиологически позитивная репрезентация,Библейское,,,
умрети у куту,"умрети одбачен од људи, умрети непознат.",DR_JOSIP_MATESIC_FRAZEOLOSKI_RJECNIK_HRVATSKOGA_ILI_SRPSKOG_JEZIKA,Социально-этическая семантика,Негативная,,,
отићи под ледину,умрети ,DR_JOSIP_MATESIC_FRAZEOLOSKI_RJECNIK_HRVATSKOGA_ILI_SRPSKOG_JEZIKA,Пространственно-переходная модель; Криомортальная семантика,,,,
отићи у вечни мир,умрети ,DR_JOSIP_MATESIC_FRAZEOLOSKI_RJECNIK_HRVATSKOGA_ILI_SRPSKOG_JEZIKA; Ђорђе Оташевић ФРАЗЕОЛОШКИ РЕЧНИК СРПСКОГ ЈЕЗИКА,Пространственно-переходная модель; Аксиологически позитивная репрезентация,,,,
остати на мјесту мртав,"нагло умрети, погинути",DR_JOSIP_MATESIC_FRAZEOLOSKI_RJECNIK_HRVATSKOGA_ILI_SRPSKOG_JEZIKA; Ђорђе Оташевић ФРАЗЕОЛОШКИ РЕЧНИК СРПСКОГ ЈЕЗИКА,Фаталистическая репрезентация,,,,
куцнула је кому мотика више главе,умрети ,DR_JOSIP_MATESIC_FRAZEOLOSKI_RJECNIK_HRVATSKOGA_ILI_SRPSKOG_JEZIKA; Ђорђе Оташевић ФРАЗЕОЛОШКИ РЕЧНИК СРПСКОГ ЈЕЗИКА,Соматическая репрезентация; Народно-поэтическая репрезентация,,,,
забости нос у ледину,"нагло пасти, опружити се; умрети.",DR_JOSIP_MATESIC_FRAZEOLOSKI_RJECNIK_HRVATSKOGA_ILI_SRPSKOG_JEZIKA,Соматическая репрезентация; Криомортальная семантика,,,,
умрети под ножем,умрети за вријеме операције,DR_JOSIP_MATESIC_FRAZEOLOSKI_RJECNIK_HRVATSKOGA_ILI_SRPSKOG_JEZIKA,Соматическая репрезентация,,,,
"изврнути, затворити, склопити (стиснути, свести, заклопити) очи","1) умрети; 2) заспати, уснули.",DR_JOSIP_MATESIC_FRAZEOLOSKI_RJECNIK_HRVATSKOGA_ILI_SRPSKOG_JEZIKA,Соматическая репрезентация; Аксиологически позитивная репрезентация,,,,
изути опанке,умрети ,DR_JOSIP_MATESIC_FRAZEOLOSKI_RJECNIK_HRVATSKOGA_ILI_SRPSKOG_JEZIKA,Народно-поэтическая репрезентация,,,,
отегнути све четири,"издахнути, умрети, цркнути.",DR_JOSIP_MATESIC_FRAZEOLOSKI_RJECNIK_HRVATSKOGA_ILI_SRPSKOG_JEZIKA; Ђорђе Оташевић ФРАЗЕОЛОШКИ РЕЧНИК СРПСКОГ ЈЕЗИКА,Соматическая репрезентация; Народно-поэтическая репрезентация,,,,
отићи куд за вазда гре се,"умрети, отићи на други свет.",DR_JOSIP_MATESIC_FRAZEOLOSKI_RJECNIK_HRVATSKOGA_ILI_SRPSKOG_JEZIKA,Пространственно-переходная модель; Аксиологически позитивная репрезентация,,,,
"отегнути (испружити, одапети) папке (папцима)","издахнути, умрети, цркнути.",DR_JOSIP_MATESIC_FRAZEOLOSKI_RJECNIK_HRVATSKOGA_ILI_SRPSKOG_JEZIKA; Ђорђе Оташевић ФРАЗЕОЛОШКИ РЕЧНИК СРПСКОГ ЈЕЗИКА,Соматическая репрезентация; Народно-поэтическая репрезентация,,,,
тек што није охладио папке,није умро (о човјеку на самрти).,DR_JOSIP_MATESIC_FRAZEOLOSKI_RJECNIK_HRVATSKOGA_ILI_SRPSKOG_JEZIKA,Соматическая репрезентация; Криомортальная семантика,,,,
цркнути / умрети као пас,умрети биједно (недостојно човјека).,DR_JOSIP_MATESIC_FRAZEOLOSKI_RJECNIK_HRVATSKOGA_ILI_SRPSKOG_JEZIKA,Народно-поэтическая репрезентация; Дидактика,,,,
охладити / отегнути пете,умрети ,DR_JOSIP_MATESIC_FRAZEOLOSKI_RJECNIK_HRVATSKOGA_ILI_SRPSKOG_JEZIKA,Соматическая репрезентация; Криомортальная семантика,,,,
погинути за плотом,умрети у крајн биједи / напуштен од свих,DR_JOSIP_MATESIC_FRAZEOLOSKI_RJECNIK_HRVATSKOGA_ILI_SRPSKOG_JEZIKA,Народно-поэтическая репрезентация; Социально-этическая семантика,Негативная,,,
отићи на вјечни починак,умрети ,DR_JOSIP_MATESIC_FRAZEOLOSKI_RJECNIK_HRVATSKOGA_ILI_SRPSKOG_JEZIKA; Ђорђе Оташевић ФРАЗЕОЛОШКИ РЕЧНИК СРПСКОГ ЈЕЗИКА,Пространственно-переходная модель; Аксиологически позитивная репрезентация,,,,
постати прах и прашина,умрети ,DR_JOSIP_MATESIC_FRAZEOLOSKI_RJECNIK_HRVATSKOGA_ILI_SRPSKOG_JEZIKA,Телесная деструкция; Фаталистическая репрезентация; Народно-поэтическая репрезентация,,,,
постати нитко и ништа,умрети ,DR_JOSIP_MATESIC_FRAZEOLOSKI_RJECNIK_HRVATSKOGA_ILI_SRPSKOG_JEZIKA,Фаталистическая репрезентация; Народно-поэтическая репрезентация,,,,
придружити се својим прецима,умрети ,DR_JOSIP_MATESIC_FRAZEOLOSKI_RJECNIK_HRVATSKOGA_ILI_SRPSKOG_JEZIKA,Аксиологически позитивная репрезентация,,,,
"пушка ми, пушка ти или ја или ти",један ће умрети,DR_JOSIP_MATESIC_FRAZEOLOSKI_RJECNIK_HRVATSKOGA_ILI_SRPSKOG_JEZIKA,Семантика насильственного взаимодействия,,,,
прогутала је кога рака,умро је нетко,DR_JOSIP_MATESIC_FRAZEOLOSKI_RJECNIK_HRVATSKOGA_ILI_SRPSKOG_JEZIKA,Хтоническая репрезентация; Семантика насильственного взаимодействия,,,,
"спавати, заспати (почивати, починути) вјечним (посљедњим) сном",умрети ,DR_JOSIP_MATESIC_FRAZEOLOSKI_RJECNIK_HRVATSKOGA_ILI_SRPSKOG_JEZIKA; Ђорђе Оташевић ФРАЗЕОЛОШКИ РЕЧНИК СРПСКОГ ЈЕЗИКА,Аксиологически позитивная репрезентация; Фаталистическая репрезентация; Темпоральная репрезентация,,,,
атрло се [чије] сјеме,"изумрети, нестати, бити истријебљен",DR_JOSIP_MATESIC_FRAZEOLOSKI_RJECNIK_HRVATSKOGA_ILI_SRPSKOG_JEZIKA,Семантика насильственного взаимодействия; Народно-поэтическая репрезентация,,,,
"умирати, умрети од стида","јако се срамити, стидјети се",DR_JOSIP_MATESIC_FRAZEOLOSKI_RJECNIK_HRVATSKOGA_ILI_SRPSKOG_JEZIKA,Социально-этическая семантика,Положительная,,,
"умирати, умрети, (премријети) од страха","јако се плашити / уплашити, врло се бојати, јако се престрашити",DR_JOSIP_MATESIC_FRAZEOLOSKI_RJECNIK_HRVATSKOGA_ILI_SRPSKOG_JEZIKA,Социально-этическая семантика,Негативная,,,
зашло (запало) је кому сунце,умрети ,DR_JOSIP_MATESIC_FRAZEOLOSKI_RJECNIK_HRVATSKOGA_ILI_SRPSKOG_JEZIKA,Народно-поэтическая репрезентация,,,,
умрети без свеће,"остати без породај, без потомства / умрети без потомка (који би некоме запалио свећу када умре).",DR_JOSIP_MATESIC_FRAZEOLOSKI_RJECNIK_HRVATSKOGA_ILI_SRPSKOG_JEZIKA; Ђорђе Оташевић ФРАЗЕОЛОШКИ РЕЧНИК СРПСКОГ ЈЕЗИКА,Религиозная репрезентация; Социально-этическая семантика,Негативная,,,
опростити се са [овим] светом,умрети ,DR_JOSIP_MATESIC_FRAZEOLOSKI_RJECNIK_HRVATSKOGA_ILI_SRPSKOG_JEZIKA,Пространственно-переходная модель,,,,
Оставити (напустити) овај свет,умрети ,DR_JOSIP_MATESIC_FRAZEOLOSKI_RJECNIK_HRVATSKOGA_ILI_SRPSKOG_JEZIKA; Ђорђе Оташевић ФРАЗЕОЛОШКИ РЕЧНИК СРПСКОГ ЈЕЗИКА,Пространственно-переходная модель,,,,
"отићи (преселити се, поћи) на онај (на други) свет",умрети ,DR_JOSIP_MATESIC_FRAZEOLOSKI_RJECNIK_HRVATSKOGA_ILI_SRPSKOG_JEZIKA; Ђорђе Оташевић ФРАЗЕОЛОШКИ РЕЧНИК СРПСКОГ ЈЕЗИКА,Пространственно-переходная модель,,,,
промијенити свет (светом),умрети ,DR_JOSIP_MATESIC_FRAZEOLOSKI_RJECNIK_HRVATSKOGA_ILI_SRPSKOG_JEZIKA,Пространственно-переходная модель,,,,
раставити (растати се) се са овим светом (од овога света),умрети ,DR_JOSIP_MATESIC_FRAZEOLOSKI_RJECNIK_HRVATSKOGA_ILI_SRPSKOG_JEZIKA; Ђорђе Оташевић ФРАЗЕОЛОШКИ РЕЧНИК СРПСКОГ ЈЕЗИКА,Пространственно-переходная модель,,,,
отегнути шију,умрети ,DR_JOSIP_MATESIC_FRAZEOLOSKI_RJECNIK_HRVATSKOGA_ILI_SRPSKOG_JEZIKA; Ђорђе Оташевић ФРАЗЕОЛОШКИ РЕЧНИК СРПСКОГ ЈЕЗИКА,Соматическая репрезентация,,,,
занијемјела су чија уста,умро је.,DR_JOSIP_MATESIC_FRAZEOLOSKI_RJECNIK_HRVATSKOGA_ILI_SRPSKOG_JEZIKA; Ђорђе Оташевић ФРАЗЕОЛОШКИ РЕЧНИК СРПСКОГ ЈЕЗИКА,Соматическая репрезентация,,,,
преселити у вјечност,умрети ,DR_JOSIP_MATESIC_FRAZEOLOSKI_RJECNIK_HRVATSKOGA_ILI_SRPSKOG_JEZIKA,Пространственно-переходная модель; Аксиологически позитивная репрезентация,,,,
"зашутјети, заувијек (занавијек)",умрети ,DR_JOSIP_MATESIC_FRAZEOLOSKI_RJECNIK_HRVATSKOGA_ILI_SRPSKOG_JEZIKA,Соматическая репрезентация,,,,
покрила / крије (не)кога [црна] земља,"бити мртав, умрети. / неко је у гробу",DR_JOSIP_MATESIC_FRAZEOLOSKI_RJECNIK_HRVATSKOGA_ILI_SRPSKOG_JEZIKA; Ђорђе Оташевић ФРАЗЕОЛОШКИ РЕЧНИК СРПСКОГ ЈЕЗИКА,Фаталистическая репрезентация,,,,
изгубити живот,умрети,DR_JOSIP_MATESIC_FRAZEOLOSKI_RJECNIK_HRVATSKOGA_ILI_SRPSKOG_JEZIKA,Семантика насильственного взаимодействия,,,,
"праштати се, опростити се, растајати се, растати се са животом","умирати, умрети.",DR_JOSIP_MATESIC_FRAZEOLOSKI_RJECNIK_HRVATSKOGA_ILI_SRPSKOG_JEZIKA,Фаталистическая репрезентация,,,,
"давати, дати главу [с рамена]","погинути / гинути, жртвовати живот",DR_JOSIP_MATESIC_FRAZEOLOSKI_RJECNIK_HRVATSKOGA_ILI_SRPSKOG_JEZIKA,Семантика насильственного взаимодействия; Социально-этическая семантика; Соматическая репрезентация,Положительная,,,
"губити, изгубити главу","1) не умјети се снаћи, смести се, збунити се, изгубити присебност;
2) гинути / погинути.",DR_JOSIP_MATESIC_FRAZEOLOSKI_RJECNIK_HRVATSKOGA_ILI_SRPSKOG_JEZIKA; Ђорђе Оташевић ФРАЗЕОЛОШКИ РЕЧНИК СРПСКОГ ЈЕЗИКА,Семантика насильственного взаимодействия; Социально-этическая семантика; Соматическая репрезентация,,,,
платити главом (животом),"изгубити живот, погинути, бити убијен / погубљен",DR_JOSIP_MATESIC_FRAZEOLOSKI_RJECNIK_HRVATSKOGA_ILI_SRPSKOG_JEZIKA; Ђорђе Оташевић ФРАЗЕОЛОШКИ РЕЧНИК СРПСКОГ ЈЕЗИКА,Семантика насильственного взаимодействия; Социально-этическая семантика; Соматическая репрезентация,,,,
"падати, пасти као громом ошинут (покошен)",нагло падати/пасти; погинути.,DR_JOSIP_MATESIC_FRAZEOLOSKI_RJECNIK_HRVATSKOGA_ILI_SRPSKOG_JEZIKA; Ђорђе Оташевић ФРАЗЕОЛОШКИ РЕЧНИК СРПСКОГ ЈЕЗИКА,Фаталистическая репрезентация; Народно-поэтическая репрезентация,,,,
легла (пала) је крв,"нетко је погунио, нетко је убијен",DR_JOSIP_MATESIC_FRAZEOLOSKI_RJECNIK_HRVATSKOGA_ILI_SRPSKOG_JEZIKA,Соматическая репрезентация; Семантика насильственного взаимодействия,,,,
омастити куршум,"бити убијен, погинути од метка",DR_JOSIP_MATESIC_FRAZEOLOSKI_RJECNIK_HRVATSKOGA_ILI_SRPSKOG_JEZIKA; Ђорђе Оташевић ФРАЗЕОЛОШКИ РЕЧНИК СРПСКОГ ЈЕЗИКА,Семантика насильственного взаимодействия,,,,
појео (прогутао) кога мрак,"погинути/нестати под нејасним околностима, бити убијен тајно / мучки.",DR_JOSIP_MATESIC_FRAZEOLOSKI_RJECNIK_HRVATSKOGA_ILI_SRPSKOG_JEZIKA,Пространственно-переходная модель; Семантика насильственного взаимодействия; Народно-поэтическая репрезентация,,,,
забости нокат у ледину,погинути,DR_JOSIP_MATESIC_FRAZEOLOSKI_RJECNIK_HRVATSKOGA_ILI_SRPSKOG_JEZIKA,Соматическая репрезентация; Криомортальная семантика,,,,
пољубити сабљу,погинути,DR_JOSIP_MATESIC_FRAZEOLOSKI_RJECNIK_HRVATSKOGA_ILI_SRPSKOG_JEZIKA,Семантика насильственного взаимодействия,,,,
ударити теменом у земљу,"бити убијен, погинути",DR_JOSIP_MATESIC_FRAZEOLOSKI_RJECNIK_HRVATSKOGA_ILI_SRPSKOG_JEZIKA; Ђорђе Оташевић ФРАЗЕОЛОШКИ РЕЧНИК СРПСКОГ ЈЕЗИКА,Соматическая репрезентация; Семантика насильственного взаимодействия,,,,
отићи врагу на рачун,"платити главом, погинути",DR_JOSIP_MATESIC_FRAZEOLOSKI_RJECNIK_HRVATSKOGA_ILI_SRPSKOG_JEZIKA,Семантика насильственного взаимодействия; Фаталистическая репрезентация; Социально-этическая семантика,Положительная,,,
дати свој живот,погинути,DR_JOSIP_MATESIC_FRAZEOLOSKI_RJECNIK_HRVATSKOGA_ILI_SRPSKOG_JEZIKA,Семантика насильственного взаимодействия; Социально-этическая семантика,Положительная,,,
дошла некоме душа под грло,"бити на умору/на самрти, умирати; 2) јако се уморити, задихати, једва дисати.",DR_JOSIP_MATESIC_FRAZEOLOSKI_RJECNIK_HRVATSKOGA_ILI_SRPSKOG_JEZIKA; Ђорђе Оташевић ФРАЗЕОЛОШКИ РЕЧНИК СРПСКОГ ЈЕЗИКА,Религиозная репрезентация; Соматическая репрезентация,,,,
дршће кому душа на језику,"бити на самрти, умирати.",DR_JOSIP_MATESIC_FRAZEOLOSKI_RJECNIK_HRVATSKOGA_ILI_SRPSKOG_JEZIKA,Религиозная репрезентация; Соматическая репрезентация,,,,
душа је кому на језику,"бити тешко болестан; бити на самрти, умирати.",DR_JOSIP_MATESIC_FRAZEOLOSKI_RJECNIK_HRVATSKOGA_ILI_SRPSKOG_JEZIKA; Ђорђе Оташевић ФРАЗЕОЛОШКИ РЕЧНИК СРПСКОГ ЈЕЗИКА; Трофимкина_О_И_Сербохорватско_русскии_фразеологическии_словарь,Религиозная репрезентация; Соматическая репрезентация,,,,
бити на издисају,"бити на самрти, бити на крају снага.",DR_JOSIP_MATESIC_FRAZEOLOSKI_RJECNIK_HRVATSKOGA_ILI_SRPSKOG_JEZIKA; Ђорђе Оташевић ФРАЗЕОЛОШКИ РЕЧНИК СРПСКОГ ЈЕЗИКА,Соматическая репрезентация,,,,
гаси се кому око,"умирати, бити на самрти",DR_JOSIP_MATESIC_FRAZEOLOSKI_RJECNIK_HRVATSKOGA_ILI_SRPSKOG_JEZIKA,Соматическая репрезентация; Народно-поэтическая репрезентация,,,,
запалити кому свећу,"бити уз кога на самрти,",DR_JOSIP_MATESIC_FRAZEOLOSKI_RJECNIK_HRVATSKOGA_ILI_SRPSKOG_JEZIKA,Религиозная репрезентация,,,,
дошла кому душа у нос (у подгрлац),"1) били на умору, умирати; 2) јако се уморити, задихати, једва дисали.",DR_JOSIP_MATESIC_FRAZEOLOSKI_RJECNIK_HRVATSKOGA_ILI_SRPSKOG_JEZIKA; Ђорђе Оташевић ФРАЗЕОЛОШКИ РЕЧНИК СРПСКОГ ЈЕЗИКА,Религиозная репрезентация; Соматическая репрезентация,,,,
гушити се у хропцу,умирати,DR_JOSIP_MATESIC_FRAZEOLOSKI_RJECNIK_HRVATSKOGA_ILI_SRPSKOG_JEZIKA,Соматическая репрезентация; Народно-поэтическая репрезентация,,,хропац ~хрип,
"док (кад) мотика зазвони (звекне, куцне) кому над главом",за вријеме умирања / сахране,DR_JOSIP_MATESIC_FRAZEOLOSKI_RJECNIK_HRVATSKOGA_ILI_SRPSKOG_JEZIKA,Народно-поэтическая репрезентация; Соматическая репрезентация; Темпоральная репрезентация,,,,
борити се са смрћу,"исдисати, умирати",DR_JOSIP_MATESIC_FRAZEOLOSKI_RJECNIK_HRVATSKOGA_ILI_SRPSKOG_JEZIKA,Семантика насильственного взаимодействия,,,,
Боља је поштена смрт него непоштен (срамотан) живот,,ПьешчичМиня_Сербские_боснии_ские_и_хорватские_пословицы_и_поговорки_и_их_русские_аналоги; Minja_Pješčić_A_DICTIONARY_OF_PROVERBS_AND_SAYINGS_SERBIAN_BOSNIAN_CROATIAN_AND_THEIR_ENGLISH_EQUIVALENTS,Социально-этическая семантика,Положительная,,,
Боље гроб него роб,,ПьешчичМиня_Сербские_боснии_ские_и_хорватские_пословицы_и_поговорки_и_их_русские_аналоги,Социально-этическая семантика,Положительная,,,
Боља је поштено умријти него срамотно живјети,,ПьешчичМиня_Сербские_боснии_ские_и_хорватские_пословицы_и_поговорки_и_их_русские_аналоги; Minja_Pješčić_A_DICTIONARY_OF_PROVERBS_AND_SAYINGS_SERBIAN_BOSNIAN_CROATIAN_AND_THEIR_ENGLISH_EQUIVALENTS,Социально-этическая семантика,Положительная,,,
"Дан по дан, док и смрт за врат",,ПьешчичМиня_Сербские_боснии_ские_и_хорватские_пословицы_и_поговорки_и_их_русские_аналоги; Minja_Pješčić_A_DICTIONARY_OF_PROVERBS_AND_SAYINGS_SERBIAN_BOSNIAN_CROATIAN_AND_THEIR_ENGLISH_EQUIVALENTS,"Темпоральная репрезентация;
Народно-поэтическая репрезентация",,,,
"Дан се хвали кад вече, а живот кад смрт дође",,ПьешчичМиня_Сербские_боснии_ские_и_хорватские_пословицы_и_поговорки_и_их_русские_аналоги; Minja_Pješčić_A_DICTIONARY_OF_PROVERBS_AND_SAYINGS_SERBIAN_BOSNIAN_CROATIAN_AND_THEIR_ENGLISH_EQUIVALENTS,"Темпоральная репрезентация;
Народно-поэтическая репрезентация",,,,
"Двије смрти не чекају, а једна не мањка",,ПьешчичМиня_Сербские_боснии_ские_и_хорватские_пословицы_и_поговорки_и_их_русские_аналоги,Темпоральная репрезентация; Фаталистическая репрезентация; Народно-поэтическая репрезентация,,,,
"једног смрт, другога ускрс",,ПьешчичМиня_Сербские_боснии_ские_и_хорватские_пословицы_и_поговорки_и_их_русские_аналоги; Minja_Pješčić_A_DICTIONARY_OF_PROVERBS_AND_SAYINGS_SERBIAN_BOSNIAN_CROATIAN_AND_THEIR_ENGLISH_EQUIVALENTS,Религиозная репрезентация,,,,
Ко се рађа и умире,,ПьешчичМиня_Сербские_боснии_ские_и_хорватские_пословицы_и_поговорки_и_их_русские_аналоги; Minja_Pješčić_A_DICTIONARY_OF_PROVERBS_AND_SAYINGS_SERBIAN_BOSNIAN_CROATIAN_AND_THEIR_ENGLISH_EQUIVALENTS,Фаталистическая репрезентация; Народно-поэтическая репрезентация,,,,
у смрти су сви једнаки,,ПьешчичМиня_Сербские_боснии_ские_и_хорватские_пословицы_и_поговорки_и_их_русские_аналоги; Minja_Pješčić_A_DICTIONARY_OF_PROVERBS_AND_SAYINGS_SERBIAN_BOSNIAN_CROATIAN_AND_THEIR_ENGLISH_EQUIVALENTS,Фаталистическая репрезентация; Народно-поэтическая репрезентация; Персонификация смерти,,,,
са људима и смрт није страшна,,ПьешчичМиня_Сербские_боснии_ские_и_хорватские_пословицы_и_поговорки_и_их_русские_аналоги; Minja_Pješčić_A_DICTIONARY_OF_PROVERBS_AND_SAYINGS_SERBIAN_BOSNIAN_CROATIAN_AND_THEIR_ENGLISH_EQUIVALENTS,Народно-поэтическая репрезентация; Социально-этическая семантика,Положительная,,,
"млад може, а стар мора умрети",,ПьешчичМиня_Сербские_боснии_ские_и_хорватские_пословицы_и_поговорки_и_их_русские_аналоги; Minja_Pješčić_A_DICTIONARY_OF_PROVERBS_AND_SAYINGS_SERBIAN_BOSNIAN_CROATIAN_AND_THEIR_ENGLISH_EQUIVALENTS,Фаталистическая репрезентация; Народно-поэтическая репрезентация,,,,
Смрт не пази (бира) ни старо ни младо,,ПьешчичМиня_Сербские_боснии_ские_и_хорватские_пословицы_и_поговорки_и_их_русские_аналоги; Minja_Pješčić_A_DICTIONARY_OF_PROVERBS_AND_SAYINGS_SERBIAN_BOSNIAN_CROATIAN_AND_THEIR_ENGLISH_EQUIVALENTS,Фаталистическая репрезентация; Народно-поэтическая репрезентация,,,,
Нема смрти без судњега дана,,ПьешчичМиня_Сербские_боснии_ские_и_хорватские_пословицы_и_поговорки_и_их_русские_аналоги; Minja_Pješčić_A_DICTIONARY_OF_PROVERBS_AND_SAYINGS_SERBIAN_BOSNIAN_CROATIAN_AND_THEIR_ENGLISH_EQUIVALENTS,Религиозная репрезентация,Библейское,,,
"једнои се рађа, а једном умире",,ПьешчичМиня_Сербские_боснии_ские_и_хорватские_пословицы_и_поговорки_и_их_русские_аналоги,Фаталистическая репрезентация; Народно-поэтическая репрезентация,,,,
од двије смрти нико не гине,,ПьешчичМиня_Сербские_боснии_ские_и_хорватские_пословицы_и_поговорки_и_их_русские_аналоги; Minja_Pješčić_A_DICTIONARY_OF_PROVERBS_AND_SAYINGS_SERBIAN_BOSNIAN_CROATIAN_AND_THEIR_ENGLISH_EQUIVALENTS,Народно-поэтическая репрезентация; Фаталистическая репрезентация,,,,
Од смрти се не откупи,,ПьешчичМиня_Сербские_боснии_ские_и_хорватские_пословицы_и_поговорки_и_их_русские_аналоги; Minja_Pješčić_A_DICTIONARY_OF_PROVERBS_AND_SAYINGS_SERBIAN_BOSNIAN_CROATIAN_AND_THEIR_ENGLISH_EQUIVALENTS,Фаталистическая репрезентация; Народно-поэтическая репрезентация,,,,
што даље - све ближе смрти,,ПьешчичМиня_Сербские_боснии_ские_и_хорватские_пословицы_и_поговорки_и_их_русские_аналоги; Minja_Pješčić_A_DICTIONARY_OF_PROVERBS_AND_SAYINGS_SERBIAN_BOSNIAN_CROATIAN_AND_THEIR_ENGLISH_EQUIVALENTS,Фаталистическая репрезентация; Народно-поэтическая репрезентация; Темпоральная репрезентация,,,,
"Пас био, пасји и прошао",,ПьешчичМиня_Сербские_боснии_ские_и_хорватские_пословицы_и_поговорки_и_их_русские_аналоги; Minja_Pješčić_A_DICTIONARY_OF_PROVERBS_AND_SAYINGS_SERBIAN_BOSNIAN_CROATIAN_AND_THEIR_ENGLISH_EQUIVALENTS,Народно-поэтическая репрезентация; Дидактика; Пространственно-переходная модель,,,,
"пасји живио, пасји и умро",,ПьешчичМиня_Сербские_боснии_ские_и_хорватские_пословицы_и_поговорки_и_их_русские_аналоги; Minja_Pješčić_A_DICTIONARY_OF_PROVERBS_AND_SAYINGS_SERBIAN_BOSNIAN_CROATIAN_AND_THEIR_ENGLISH_EQUIVALENTS,Народно-поэтическая репрезентация; Дидактика,,,,
једном се умире,,ПьешчичМиня_Сербские_боснии_ские_и_хорватские_пословицы_и_поговорки_и_их_русские_аналоги,Народно-поэтическая репрезентация; Фаталистическая репрезентация,,,,
"Ко се мача лати, од мача ће и погинути",,ПьешчичМиня_Сербские_боснии_ские_и_хорватские_пословицы_и_поговорки_и_их_русские_аналоги,Религиозная репрезентация; Семантика насильственного взаимодействия,Библейское,,,
"Ко ножем подире, од ножа умире.",,ПьешчичМиня_Сербские_боснии_ские_и_хорватские_пословицы_и_поговорки_и_их_русские_аналоги,Семантика насильственного взаимодействия,,,,
мртва усте не говоре,,ПьешчичМиня_Сербские_боснии_ские_и_хорватские_пословицы_и_поговорки_и_их_русские_аналоги,Соматическая репрезентация; Фаталистическая репрезентация,,,,
О мртвима све најбоље.,,ПьешчичМиня_Сербские_боснии_ские_и_хорватские_пословицы_и_поговорки_и_их_русские_аналоги,Античное наследие (Греция и Рим),,,,
Паре од мртвога жива чине.,,ПьешчичМиня_Сербские_боснии_ские_и_хорватские_пословицы_и_поговорки_и_их_русские_аналоги,Народно-поэтическая репрезентация; Социально-этическая семантика,Негативная,,,
Само преко мене мртвог.,,ПьешчичМиня_Сербские_боснии_ские_и_хорватские_пословицы_и_поговорки_и_их_русские_аналоги,Народно-поэтическая репрезентация; Социально-этическая семантика,Позитивная,,,
"Дан по дан, ноћ по ноћ — човјек се ближи гробу.",,ПьешчичМиня_Сербские_боснии_ские_и_хорватские_пословицы_и_поговорки_и_их_русские_аналоги,Темпоральная репрезентация; Народно-поэтическая репрезентация; Хтоническая репрезентация,,,,
лежати (бити) [некоме] на души,"имати некога или нешто на савести, бити одговоран због нечије смрти, патње и сл.; бити некоме на терету, оптерећивати некога.",Ђорђе Оташевић ФРАЗЕОЛОШКИ РЕЧНИК СРПСКОГ ЈЕЗИКА,Религиозная репрезентация; Семантика насильственного взаимодействия,,,,
на смрт болестан,"тешко, неизлечиво болестан.",Ђорђе Оташевић ФРАЗЕОЛОШКИ РЕЧНИК СРПСКОГ ЈЕЗИКА,Соматическая репрезентация; Фаталистическая репрезентация,,,,
борити се до последње (задње) капи <крви>,"борити се до краја, до крајњих
могућности, до смрти.",Ђорђе Оташевић ФРАЗЕОЛОШКИ РЕЧНИК СРПСКОГ ЈЕЗИКА,Соматическая репрезентация; Семантика насильственного взаимодействия; Социально-этическая семантика,Положительная,,,
дићи некога с вешала,спасити некога сигурне смрти.,Ђорђе Оташевић ФРАЗЕОЛОШКИ РЕЧНИК СРПСКОГ ЈЕЗИКА,Семантика насильственного взаимодействия; Социально-этическая семантика,Негативная,,,
секира за врат,велика невоља; смрт.,Ђорђе Оташевић ФРАЗЕОЛОШКИ РЕЧНИК СРПСКОГ ЈЕЗИКА,Соматическая репрезентация; Семантика насильственного взаимодействия; Фаталистическая репрезентация,,,,
задњи гласови,посмртно црквено звоњење,Ђорђе Оташевић ФРАЗЕОЛОШКИ РЕЧНИК СРПСКОГ ЈЕЗИКА,Религиозная репрезентация,,,,
мртав / пусти (пусти) глас,вест о нечијој смрти,Ђорђе Оташевић ФРАЗЕОЛОШКИ РЕЧНИК СРПСКОГ ЈЕЗИКА,Фаталистическая репрезентация; Народно-поэтическая репрезентация,,,,
доћи ће ђаво по своје,"1. заслужена казна се не може избећи, доћи ће (дошао је) крај лоше вођених послова и сл. 2. смрт се не може избећи.",Ђорђе Оташевић ФРАЗЕОЛОШКИ РЕЧНИК СРПСКОГ ЈЕЗИКА,Религиозная репрезентация; Семантика насильственного взаимодействия; Фаталистическая репрезентация; Дидактика,,,,
за (у) покој (испокој) душе,"ради нечијег спасења након смрти, ради опроста грехова; за успомену на покојника (запалити свећу. пити, дати / давати нешто и сл.).",Ђорђе Оташевић ФРАЗЕОЛОШКИ РЕЧНИК СРПСКОГ ЈЕЗИКА,Религиозная репрезентация; Аксиологически позитивная репрезентация,,,,
извадити [некоме] душу,"убити, усмртити некога.",Ђорђе Оташевић ФРАЗЕОЛОШКИ РЕЧНИК СРПСКОГ ЈЕЗИКА,Религиозная репрезентация; Семантика насильственного взаимодействия,,,,
прибирати душу,"опраштати се од живота, спремати се за смрт.",Ђорђе Оташевић ФРАЗЕОЛОШКИ РЕЧНИК СРПСКОГ ЈЕЗИКА,Религиозная репрезентация,,,,
завити [некога] у црно,"а. унесрећити некога проузроковавши смрт неког њему блиског, драгог и сл. б. увалити некога у озбиљне проблеме, упропастити некога.",Ђорђе Оташевић ФРАЗЕОЛОШКИ РЕЧНИК СРПСКОГ ЈЕЗИКА,Религиозная репрезентация; Семантика насильственного взаимодействия,,,,
<црна> земља [некога] привлачи,"неко је близу смрти, некоме се ближи смрт,
ускоро ће умрети.",Ђорђе Оташевић ФРАЗЕОЛОШКИ РЕЧНИК СРПСКОГ ЈЕЗИКА,Фаталистическая репрезентация; Хтоническая репрезентация,,,,
играти се животом,"излагати се великој, смртној опасности",Ђорђе Оташевић ФРАЗЕОЛОШКИ РЕЧНИК СРПСКОГ ЈЕЗИКА,Социально-этическая семантика; Семантика насильственного взаимодействия,Негативная,,,
ићи као стока на кланицу (клаоницу),"срљати у пропаст, ићи у смрт без
отпора.",Ђорђе Оташевић ФРАЗЕОЛОШКИ РЕЧНИК СРПСКОГ ЈЕЗИКА,Семантика насильственного взаимодействия; Фаталистическая репрезентация; Народно-поэтическая репрезентация,,,,
ноге су [некоме] над јамом,"бити близу смрти, бити на самрти",Ђорђе Оташевић ФРАЗЕОЛОШКИ РЕЧНИК СРПСКОГ ЈЕЗИКА,Фаталистическая репрезентация; Хтоническая репрезентация,,,,
кука и мотика,"сви, сав народ листом. 2. сељаци, пољопривредници. 3. смрт.",Ђорђе Оташевић ФРАЗЕОЛОШКИ РЕЧНИК СРПСКОГ ЈЕЗИКА,Народно-поэтическая репрезентация,,,,
наћи смрт,"погинути, умрети",Ђорђе Оташевић ФРАЗЕОЛОШКИ РЕЧНИК СРПСКОГ ЈЕЗИКА,Фаталистическая репрезентация,,,,
слатка смрт,1. смрт која наступа за време полног односа. 2. смрт која наступа услед смрзавања организма.,Ђорђе Оташевић ФРАЗЕОЛОШКИ РЕЧНИК СРПСКОГ ЈЕЗИКА,Аксиологически позитивная репрезентация; Криомортальная семантика,,,,
бацити кашику,умрети,Ђорђе Оташевић ФРАЗЕОЛОШКИ РЕЧНИК СРПСКОГ ЈЕЗИКА,Народно-поэтическая репрезентация,,,,Религиозная репрезентация
последњи дуг Богу платити,"преминути, умрети",Ђорђе Оташевић ФРАЗЕОЛОШКИ РЕЧНИК СРПСКОГ ЈЕЗИКА,Религиозная репрезентация; Фаталистическая репрезентация,,,,Соматическая репрезентация
отићи без дана,"прерано умрети, рано умрети",Ђорђе Оташевић ФРАЗЕОЛОШКИ РЕЧНИК СРПСКОГ ЈЕЗИКА,Темпоральная репрезентация; Фаталистическая репрезентация,,,,Пространственно-переходная модель
загрлила (пољубила) је [некога] црна земља,умрети,Ђорђе Оташевић ФРАЗЕОЛОШКИ РЕЧНИК СРПСКОГ ЈЕЗИКА,Семантика насильственного взаимодействия; Хтоническая репрезентация,,,,Семантика насильственного взаимодействия
отићи под <црну> земљу,"умрети, погинути.",Ђорђе Оташевић ФРАЗЕОЛОШКИ РЕЧНИК СРПСКОГ ЈЕЗИКА,Пространственно-переходная модель; Хтоническая репрезентация,,,,Аксиологически позитивная репрезентация
наћи <свој> мир,умрети,Ђорђе Оташевић ФРАЗЕОЛОШКИ РЕЧНИК СРПСКОГ ЈЕЗИКА,Пространственно-переходная модель; Аксиологически позитивная репрезентация,,,,Темпоральная репрезентация
пасти / падати (побити се) на нос,"1. преморити се / премарати се, исцрпсти се / исцрпљивати се од рада, напора. 2. умрети / умирати, погинути / гинути",Ђорђе Оташевић ФРАЗЕОЛОШКИ РЕЧНИК СРПСКОГ ЈЕЗИКА,Соматическая репрезентация,,,,Фаталистическая репрезентация
променити свет (светом),умрети.,Ђорђе Оташевић ФРАЗЕОЛОШКИ РЕЧНИК СРПСКОГ ЈЕЗИКА,Пространственно-переходная модель,,,,Персонификация смерти
бити на истини,"а. бити на самрти, умирати. б. бити мртав.",Ђорђе Оташевић ФРАЗЕОЛОШКИ РЕЧНИК СРПСКОГ ЈЕЗИКА,Религиозная репрезентация; Аксиологически позитивная репрезентация,,,,Криомортальная семантика
чувати [некоме] душе,"бити крај некога ко је на самрти, ко умире",Ђорђе Оташевић ФРАЗЕОЛОШКИ РЕЧНИК СРПСКОГ ЈЕЗИКА,Религиозная репрезентация,,,,Акватическая метафорика
самртна борба,"агонија, ропац.",Ђорђе Оташевић ФРАЗЕОЛОШКИ РЕЧНИК СРПСКОГ ЈЕЗИКА,Семантика насильственного взаимодействия,,,,Народно-поэтическая репрезентация
догорева (гаси се) [нечија] свећа,"нечији живот се гаси, неко је на самрти.",Ђорђе Оташевић ФРАЗЕОЛОШКИ РЕЧНИК СРПСКОГ ЈЕЗИКА,Народно-поэтическая репрезентация,,,,Хтоническая репрезентация
с малим духом,"на самрти, у самртном ропцу.",Ђорђе Оташевић ФРАЗЕОЛОШКИ РЕЧНИК СРПСКОГ ЈЕЗИКА,Соматическая репрезентация; Народно-поэтическая репрезентация,,,,Телесная деструкция
живот [некоме] виси о концу,"неко је у животној опасности, на самрти.",Ђорђе Оташевић ФРАЗЕОЛОШКИ РЕЧНИК СРПСКОГ ЈЕЗИКА,Фаталистическая репрезентация; Семантика насильственного взаимодействия,,,,Дидактика
окрвавити / крвавити гаће,"пролити / проливати крв у борби, у рату, погинути / гинути.",Ђорђе Оташевић ФРАЗЕОЛОШКИ РЕЧНИК СРПСКОГ ЈЕЗИКА,Соматическая репрезентация; Семантика насильственного взаимодействия,,,,Античное наследие (Греция и Рим)
стајати (коштати) [некога] главе,"изгубити живот, погинути.",Ђорђе Оташевић ФРАЗЕОЛОШКИ РЕЧНИК СРПСКОГ ЈЕЗИКА,Соматическая репрезентация; Семантика насильственного взаимодействия,,,,Социально-этическая семантика
"дати / давати <свој> живот <[за некога, за нешто]>","погинути / гинути за некога, за нешто, жртвовати се за некога, за нешто.",Ђорђе Оташевић ФРАЗЕОЛОШКИ РЕЧНИК СРПСКОГ ЈЕЗИКА,Соматическая репрезентация; Семантика насильственного взаимодействия; Социально-этическая семантика,Положителньая,,,
мртав хладан,"совершенно невозмутимый, равнодушный ",Трофимкина_О_И_Сербохорватско_русскии_фразеологическии_словарь,Криомортальная семантика,,,,