Фразеологизм,Дефиниция,Источники,Категория,,,Религиозная репрезентация
"Умереть на печи — все равно, что с перепою.",,Даль.txt,Народно-поэтическая репрезентация; Социально-этическая семантика,Негативная,16144,Соматическая репрезентация
"Грешно дать умереть младенцу в люльке: все одно, что на виселице.",,Даль.txt,Религиозная репрезентация; Семантика насильственного взаимодействия; Народно-поэтическая репрезентация; Социально-этическая семантика,Негативная,2743,Пространственно-переходная модель
У боярина семь дочерей: будет из них и смерть и жена.,,Даль.txt,Народно-поэтическая репрезентация; Фаталистическая репрезентация,,,Семантика насильственного взаимодействия
"Солдату умереть в поле, матросу в море.",,Даль.txt,Семантика насильственного взаимодействия; Хтоническая репрезентация; Акватическая метафорика,,,Аксиологически позитивная репрезентация
"Жалеть не помочь, когда смерть пришла.",,Даль.txt,Пространственно-переходная модель; Темпоральная репрезентация; Фаталистическая репрезентация; Персонификация смерти,,,Темпоральная репрезентация
И умирать не надо.,,Даль.txt,Фаталистическая репрезентация; Социально-этическая семантика,Негативная,,Фаталистическая репрезентация
"Такое житье, что умирать не хочется.",,Даль.txt,Социально-этическая семантика,Негативная,,Персонификация смерти
Прежде смерти не умереть.,,Даль.txt,Фаталистическая репрезентация; Темпоральная репрезентация,,,Криомортальная семантика
Без року не умереть.,,Даль.txt,Фаталистическая репрезентация; Темпоральная репрезентация,,,Акватическая метафорика
До поры не умереть.,,Даль.txt,Фаталистическая репрезентация; Темпоральная репрезентация,,,Народно-поэтическая репрезентация
Зачем богатому умирать?,,Даль.txt,Социально-этическая семантика,Негативная,,Социально-этическая семантика
Смерть животы кажет.,,Даль.txt,Социально-этическая семантика,Положительная,,Хтоническая репрезентация
"Щеголять смолоду, а под старость умирать с голоду.",,Даль.txt,Фаталистическая репрезентация,,,Телесная деструкция
"На ветер живота не напасешься, на смерть детей не нарожаешься.",,Даль.txt,Соматическая репрезентация; Народно-поэтическая репрезентация; Фаталистическая репрезентация,,,Дидактика
"И сыну отдай, и себе на смерть оставляй!",,Даль.txt,Дидактика,,,Античное наследие (Греция и Рим)
"И всяк умрет, как смерть придет!",,Даль.txt,Фаталистическая репрезентация; Персонификация смерти,,,
"Много надежды впереди, а смерть на носу.",,Даль.txt,Фаталистическая репрезентация; Соматическая репрезентация,,,
"От печалей немощи, от немощей смерть.",,Даль.txt,Соматическая репрезентация,,,
"Горя много, а смерть одна.",,Даль.txt,Фаталистическая репрезентация,,,
"Ни жить, ни умереть (не дают)",,Даль.txt,Фаталистическая репрезентация,,,
"Гнет не на живот, а на смерть. / Не на живот, а на смерть.",,Даль.txt,Фаталистическая репрезентация,,,
"Жить нельзя, а умереть не дают.",,Даль.txt,Фаталистическая репрезентация,,,
На миру и смерть красна.,"не строгано умереть на людях, все легко перенести не в одиночку, вместе с дру­гими.",Бирих_Мокиенко_Степанова.xlsx; Даль.txt,Социально-этическая семантика,Положительная,,
Пришла смерть по бабу — не указывай на деда!,,Даль.txt,Народно-поэтическая репрезентация; Фаталистическая репрезентация,,,
"Лучше умереть, чем неправду терпеть.",,Даль.txt,Социально-этическая семантика,Положительная,,
"На правду да на смерть, что на солнце: во все глаза не взглянешь.",,Даль.txt,Соматическая репрезентация; Фаталистическая репрезентация; Народно-поэтическая репрезентация,,,
"Знать, там и умереть, где конь валялся.",,Даль.txt,Народно-поэтическая репрезентация,,,
Не хотел жить — ступай умирать!,,Даль.txt,Дидактика; Социально-этическая семантика; Народно-поэтическая репрезентация,Положительная,,
Не стращай: придет смерть и без твоих гроз.,,Даль.txt,Народно-поэтическая репрезентация; Фаталистическая репрезентация,,,
"Смерть не близко, так и не страшно; а близко — знать не миновать.",,Даль.txt,Фаталистическая репрезентация; Народно-поэтическая репрезентация,,,
"Какова смерть, таковы и похороны.",,Даль.txt,Хтоническая репрезентация; Фаталистическая репрезентация; Дидактика,,,
Собаке собачья и смерть.,,Даль.txt,Народно-поэтическая репрезентация; Дидактика,,,
В полушечном свинце человечья смерть.,,Даль.txt,Семантика насильственного взаимодействия,,,
Смерть в бою — дело божье.,,Даль.txt,Семантика насильственного взаимодействия; Религиозная репрезентация; Социально-этическая семантика;,Положительная,,
"Смерть — копейка, голова — наживное дело.",,Даль.txt,Соматическая репрезентация; Фаталистическая репрезентация; Дидактика,,,
"Лучше умирать в поле, чем в бабьем подоле.",,Даль.txt,Социально-этическая семантика; Народно-поэтическая репрезентация; Хтоническая репрезентация,Положительная,,
"Некуда оглядываться, когда смерть за плечами.",,Даль.txt,Фаталистическая репрезентация; Персонификация смерти,,,
"Умереть, не в помирушки играть.",,Даль.txt,Фаталистическая репрезентация; Народно-поэтическая репрезентация,,,
Видимая смерть страшна.,,Даль.txt,Фаталистическая репрезентация; Персонификация смерти,,,
В очью смерть проберет.,,Даль.txt,Персонификация смерти; Фаталистическая репрезентация,,,
"Умереть сегодня — страшно, а когда-нибудь — ничего.",,Даль.txt,Темпоральная репрезентация; Народно-поэтическая репрезентация; Фаталистическая репрезентация,,,
"Жить плохо, да ведь и умереть не находка.",,Даль.txt, Народно-поэтическая репрезентация; Фаталистическая репрезентация; Социально-этическая семантика; ,Негативная,,
"Жить горько , да и умереть не сладко.",,Даль.txt, Народно-поэтическая репрезентация; Фаталистическая репрезентация; Социально-этическая семантика; ,Негативная,,
"Жить грустно, а умирать тошно.",,Даль.txt, Народно-поэтическая репрезентация; Фаталистическая репрезентация; Социально-этическая семантика; ,Негативная,,
"Как жить ни тошно, а умирать тошней.",,Даль.txt, Народно-поэтическая репрезентация; Фаталистическая репрезентация; Социально-этическая семантика; ,Негативная,,
"Смерть, как мышь, голову отъест.",,Даль.txt,Соматическая репрезентация; Фаталистическая репрезентация,,,
"Старость не радость, а и смерть не корысть.",,Даль.txt,Фаталистическая репрезентация,,,
"Лучше век терпеть, чем вдруг умереть.",,Даль.txt,Социально-этическая семантика; Темпоральная репрезентация; Фаталистическая репрезентация,Негативная,,
"Жить — мучиться, а умереть не хочется.",,Даль.txt,Аксиологически позитивная репрезентация,,,
"Жить тяжко, да и умирать нелегко.",,Даль.txt,Народно-поэтическая репрезентация; Фаталистическая репрезентация; Социально-этическая семантика; ,Негативная,,
"Жить надейся, а умирать готовься!",,Даль.txt,Народно-поэтическая репрезентация; Фаталистическая репрезентация,,,
Смерть берет расплохом / нахрапом,,Даль.txt,Фаталистическая репрезентация; Персонификация смерти,,,
Смерть не свой брат — разговаривать не станешь.,,Даль.txt,Народно-поэтическая репрезентация; Фаталистическая репрезентация,,,
"Смерть на носу, а будь на кресу.",,Даль.txt,Соматическая репрезентация; Фаталистическая репрезентация,,,
За смерть нет поруки.,,Даль.txt,Народно-поэтическая репрезентация; Фаталистическая репрезентация,,,
"На жизнь, на смерть поруки нет.",,Даль.txt,Народно-поэтическая репрезентация; Фаталистическая репрезентация,,,
"Не на живот рождаемся, а на смерть.",,Даль.txt,Фаталистическая репрезентация,,,
"Родится человек на смерть, а умрет на живот.",,Даль.txt,Темпоральная репрезентация; Фаталистическая репрезентация,,,
Смерть ни на что не глядит.,,Даль.txt,Фаталистическая репрезентация; Персонификация смерти,,,
Смерть сослепу лютует.,,Даль.txt,Фаталистическая репрезентация; Персонификация смерти,,,
Смерть живота не любит.,,Даль.txt,Фаталистическая репрезентация; Персонификация смерти,,,
Смерть плотью живет.,,Даль.txt,Фаталистическая репрезентация; Персонификация смерти,,,
Смерть с костьми сгложет.,,Даль.txt,Телесная деструкция; Персонификация смерти,,,
"На рать сена не накосишься, на смерть детей не нарожаешься.",,Даль.txt,Народно-поэтическая репрезентация; Фаталистическая репрезентация,,,
"Бойся, не бойся, а смерть у порога.",,Даль.txt,Фаталистическая репрезентация,,,
"Кто чаще смерть поминает, тот меньше согрешает.",,Даль.txt,Дидактика,,,
Смерть по грехам страшна.,,Даль.txt,Религиозная репрезентация; Дидактика,,,
"Бойся жить, а умирать не бойся!",,Даль.txt,Аксиологически позитивная репрезентация,,,
"Жить страшнее, чем умереть.",,Даль.txt,Аксиологически позитивная репрезентация,,,
"Умел пожить, умей и умереть!",,Даль.txt,Дидактика; Социально-этическая семантика,Положительная,,
"Не умел жить, так хоть сумей умереть!",,Даль.txt,Дидактика; Социально-этическая семантика,Положительная,,
"Думка за горами, а смерть за плечами.",,Даль.txt,Соматическая репрезентация; Фаталистическая репрезентация,,,
"Ум за морем, а смерть за воротом.",,Даль.txt,Акватическая метафорика; Фаталистическая репрезентация,,,
Смерть за порогом.,,Даль.txt,Пространственно-переходная модель; Фаталистическая репрезентация; Персонификация смерти,,,
Смерть на носу.,,Даль.txt,Соматическая репрезентация; Фаталистическая репрезентация,,,
Смерть на пядень.,,Даль.txt,Пространственно-переходная модель,,,
"Рубаха к телу близка, а смерть ближе.",,Даль.txt,Соматическая репрезентация; Народно-поэтическая репрезентация,,,
Рубаха на теле — смерть в плоти.,,Даль.txt,Соматическая репрезентация; Народно-поэтическая репрезентация,,,
"Житейское делай, а смерть помни!",,Даль.txt,Фаталистическая репрезентация,,,
Смерть недосугов не знает.,,Даль.txt,Фаталистическая репрезентация; Персонификация смерти,,,
Когда-нибудь умирать надо.,,Даль.txt,Темпоральная репрезентация; Фаталистическая репрезентация,,,
"Сколько ни живи, а умирать надо.",,Даль.txt,Фаталистическая репрезентация,,,
"Когда ни умирать, а день терять.",,Даль.txt,Темпоральная репрезентация,,,
Смерть беззачурное дело.,,Даль.txt,Фаталистическая репрезентация,,,
"Один раз мать родила, один раз и умирать.",,Даль.txt,Фаталистическая репрезентация,,,
Смерть всех поравняет.,,Даль.txt,Фаталистическая репрезентация,,,
Смерть голову откусит — всех поравняет.,,Даль.txt,Соматическая репрезентация; Фаталистическая репрезентация,,,
Смерть дорогу сыщет.,,Даль.txt,Пространственно-переходная модель; Персонификация смерти,,,
Смерть причину найдет.,,Даль.txt,Фаталистическая репрезентация; Персонификация смерти,,,
Смерть о саване не тужит.,,Даль.txt,Персонификация смерти; Фаталистическая репрезентация; Дидактика,,,
"Мудрена ты на вольном свету, а как-то умирать станешь.",,Даль.txt,Фаталистическая репрезентация; Дидактика,,,
"Лучше смерть, нежели зол живот.",,Даль.txt,Соматическая репрезентация; Социально-этическая семантика,Положительная,,
"Чем жить да век плакать, лучше спеть да умереть.",,Даль.txt,Социально-этическая семантика; Темпоральная репрезентация; Фаталистическая репрезентация,Положительная,,
"Чем с плачем жить, так лучше с песнями умереть.",,Даль.txt,Социально-этическая семантика,Положительная,,
Легче всех нечаянная смерть.,,Даль.txt,Фаталистическая репрезентация,,,
Нежданная смерть — находка.,,Даль.txt,Фаталистическая репрезентация,,,
Смерть без покаяния — собачья смерть.,,Даль.txt,Религиозная репрезентация; Народно-поэтическая репрезентация; Дидактика,,,
"Дай бог умереть, да дай бог покаяться!",,Даль.txt,Религиозная репрезентация,,,
По безлюдью смерть не ходит.,,Даль.txt,Народно-поэтическая репрезентация; Персонификация смерти,,,
"Только бы помолодеть, а там, пожалуй, хоть умереть.",,Даль.txt,Фаталистическая репрезентация,,,
Одна смерть правдива.,,Даль.txt,Фаталистическая репрезентация,,,
Смерть всех сравняет.,,Даль.txt,Фаталистическая репрезентация,,,
На всех одна смерть.,,Даль.txt,Фаталистическая репрезентация,,,
"Смерть не все возьмет, только свое возьмет.",,Даль.txt,Фаталистическая репрезентация; Персонификация смерти,,,
"Живот животы дает, а смерть все отберет.",,Даль.txt,Фаталистическая репрезентация; Персонификация смерти,,,
"Хочешь жить, так потягивайся; а станешь умирать, так сказывайся!",,Даль.txt,Народно-поэтическая репрезентация; Дидактика,,,
Смерть досугов не разбирает.,,Даль.txt,Фаталистическая репрезентация; Персонификация смерти,,,
В нем смерть уже гнездо свила.,,Даль.txt,Фаталистическая репрезентация; Персонификация смерти,,,
"Умирать — не лапти ковырять : лег под образа, да вы­ пучил глаза, и дело с концом.",,Даль.txt,Соматическая репрезентация; Народно-поэтическая репрезентация; Фаталистическая репрезентация,,,
Смерть — душе простор.,,Даль.txt,Религиозная репрезентация; Аксиологически позитивная репрезентация,,,
"Грех — не смех, когда придет смерть.",,Даль.txt,Религиозная репрезентация; Фаталистическая репрезентация,,,
"Смерть злым, а добрым вечная память.",,Даль.txt,Религиозная репрезентация; Дидактика; Социально-этическая семантика,Негативная,,
"Злому — смерть, а доброму — воскресение.",,Даль.txt,Религиозная репрезентация; Дидактика; Социально-этическая семантика,Негативная,,
"Каково житье, такова и смерть.",,Даль.txt,Фаталистическая репрезентация; Дидактика; Народно-поэтическая репрезентация,,,
"Жизнь — сказка, смерть — развязка, гроб — коляска, покойна, не тряска, садись да катись.",,Даль.txt,Хтоническая репрезентация; Фаталистическая репрезентация; Народно-поэтическая репрезентация,,,
Стыд та же смерть.,,Даль.txt,Социально-этическая семантика; Дидактика; Народно-поэтическая репрезентация,Негативная,,
"С его совестью жить хорошо, да умирать плохо.",,Даль.txt,Социально-этическая семантика; Дидактика; Народно-поэтическая репрезентация,Негативная,,
"Бледен, как смерть.",,Даль.txt,Социально-этическая семантика,Негативная,,
"Что русскому здорово, то немцу смерть.",,Даль.txt,Социально-этическая семантика,Положительная,,
"Старостию не жить, а молодостию не умереть.",,Даль.txt,Фаталистическая репрезентация; Народно-поэтическая репрезентация,,,
Смерть да жена — богом суждена.,,Даль.txt,Религиозная репрезентация; Фаталистическая репрезентация; Народно-поэтическая репрезентация,,,
"Умирать, не в помирушки играть; а свенчаться, не сплясаться.",,Даль.txt,Народно-поэтическая репрезентация; Фаталистическая репрезентация,,,
Жить вместе и умереть вместе.,,Даль.txt,Фаталистическая репрезентация,,,
От злой жены одна смерть спасает да постри­жение.,,Даль.txt,Фаталистическая репрезентация; Социально-этическая семантика; Религиозная репрезентация,Положительная,,
"На яму дрязгу не нахламишься, на смерть детей не нарожаешься.",,Даль.txt,Народно-поэтическая репрезентация; Хтоническая репрезентация; Фаталистическая репрезентация,,,
"Смерть одна, да болезней тьма.",,Даль.txt,Соматическая репрезентация; Фаталистическая репрезентация; Народно-поэтическая репрезентация,,,
"Пить — помрешь, не пить — помрешь, уж лучше ж умереть, да пить.",,Даль.txt,Социально-этическая семантика; Народно-поэтическая репрезентация,Положительная,,
"Дума за горами, а смерть за плечами.",,Даль.txt,Народно-поэтическая репрезентация; Фаталистическая репрезентация,,,
"Хватился монах, когда смерть в головах.",,Даль.txt,Соматическая репрезентация; Религиозная репрезентация,,,
"Коли братня смерть не накажет, своею уж не накажешься.",,Даль.txt,Народно-поэтическая репрезентация; Социально-этическая семантика; Дидактика,Негативная,,
Умирать за делом.,,Даль.txt,Народно-поэтическая репрезентация;,,,
Хорошо ленивого по смерть посылать.,,Даль.txt,Социально-этическая семантика,Негативная,,
Ходить в лесу — видеть смерть на носу.,,Даль.txt,Соматическая репрезентация; Народно-поэтическая репрезентация,,,
Родился — не торопился: не спешить стать и умирать.,,Даль.txt,Народно-поэтическая репрезентация; Фаталистическая репрезентация; Темпоральная репрезентация,,,
"Не торопи умирать, дай состареться!",,Даль.txt,Фаталистическая репрезентация; Темпоральная репрезентация,,,
Торопиться жить — скоро умереть.,,Даль.txt,Фаталистическая репрезентация; Темпоральная репрезентация,,,
Родится — вертится; живет — всем кормилец; смерть его — эх-ма!,,Даль.txt,Народно-поэтическая репрезентация; Фаталистическая репрезентация,,,
"Чужой сын дурак — смех, а свой сын дурак — смерть.",,Даль.txt,Социально-этическая семантика; Народно-поэтическая репрезентация,Положительная,,
"Людской стыд — смех, а свой — смерть.",,Даль.txt,Социально-этическая семантика; Народно-поэтическая репрезентация,Положительная,,
"Дай бог умереть хоть сегодня, только не нам.",,Даль.txt,Религиозная репрезентация; Фаталистическая репрезентация,,,
"Лучше умирать, а креста не целовать.",,Даль.txt,Религиозная репрезентация; Социально-этическая семантика,Положительная,,
На жизнь и на смерть.,,Даль.txt,Социально-этическая семантика,Негативная,,
"Лиха беда умереть, а там похоронят.",,Даль.txt,Фаталистическая репрезентация; Народно-поэтическая репрезентация,,,
"Горе умереть, а за могилой дело не станет.",,Даль.txt,Фаталистическая репрезентация; Народно-поэтическая репрезентация,,,
Смерть русскому солдату свой брат.,,Даль.txt,Семантика насильственного взаимодействия; Народно-поэтическая репрезентация; Социально-этическая семантика,Положительная,,
Добрый раб за господина умереть рад.,,Даль.txt,Социально-этическая семантика,Положительная,,
"Сим молитву деет, Хам пшеницу сеет, Афет власть имеет, смерть всем владеет.",,Даль.txt,Фаталистическая репрезентация; Религиозная репрезентация; Персонификация смерти,,,
"Лучше смерть, нежели позор.",,Даль.txt,Социально-этическая семантика,Положительная,,
Смерть лучше бесчестья.,,Даль.txt,Социально-этическая семантика,Положительная,,
В семье и смерть красна.,,Даль.txt,Социально-этическая семантика,Положительная,,
"Любо мне, как я у тебя; а смерть моя, как ты у меня.",,Даль.txt,Социально-этическая семантика,Негативная,,
"Выгляну в окошко: стоит долгий Антошка, в нем сусло и масло, и смерть человечья.",,Даль.txt,Народно-поэтическая репрезентация; Фаталистическая репрезентация,,,
"Без хлеба смерть, без соли смех.",,Даль.txt,Народно-поэтическая репрезентация,,,
"Стоит деревище: в деревище и сусло, и масло, и смерть недалеко.",,Даль.txt,Фаталистическая репрезентация; Народно-поэтическая репрезентация,,,
"Жить по воле, умереть в поле.",,Даль.txt,Хтоническая репрезентация; Народно-поэтическая репрезентация,,,
"Не он помер: смерть его померла, да и его с собой унесла.",,Даль.txt,Народно-поэтическая репрезентация,,,
"Холостой брюзжит — женится, женатый брюзжит — кается, старый брюзжит — умирать собирается.",,Даль.txt,Фаталистическая репрезентация,,,
"Весело пожить, да красно умереть.",,Даль.txt,Аксиологически позитивная репрезентация; Фаталистическая репрезентация,,,
В веселый час и смерть не страшна.,,Даль.txt,Темпоральная репрезентация; Социально-этическая семантика,Положительная,,
"Летит орел, во рту огонь, по конец хвоста человечья смерть.",,Даль.txt,Фаталистическая репрезентация; Народно-поэтическая репрезентация,,,
"На горе-горище лежит голенище: в том голенище деготь, леготь и смерть недалеко.",,Даль.txt,Фаталистическая репрезентация; Народно-поэтическая репрезентация,,,
"Летит птица тонка, перья красны да желты, по конец ее человечья смерть.",,Даль.txt,Фаталистическая репрезентация; Народно-поэтическая репрезентация,,,
Кошку девятая смерть донимает.,,Даль.txt,Народно-поэтическая репрезентация,,,
"Еду, еду — ни пути, ни следу: смерть подо мною, бог надо мною.",,Даль.txt,Религиозная репрезентация; Пространственно-переходная модель; Фаталистическая репрезентация; Народно-поэтическая репрезентация,,,
Адидасы отбросить,"умереть, скончаться.",Мокиенко.csv,Народно-поэтическая репрезентация,,,
В гроб лечь / лечь в гроб,умереть.,Мокиенко.csv,Аксиологически позитивная репрезентация; Хтоническая репрезентация,,,
В могилу / гроб лечь,умереть.,Мокиенко.csv,Хтоническая репрезентация,,,
Висеть на ниточке / волоске,находиться на грани смерти.,Мокиенко.csv,Фаталистическая репрезентация,,,
Душа отлетела,человек умер.,Мокиенко.csv,Религиозная репрезентация; Пространственно-переходная модель,,,
Ждать барыню,быть при смерти.,Мокиенко.csv,Персонификация смерти; Темпоральная репрезентация,,,
Зарыть в землю (кого),"убить, похоронить.",Мокиенко.csv,Хтоническая репрезентация,,,
Испустить дух / Выпустить дух,умереть.,Мокиенко.csv,Религиозная репрезентация; Соматическая репрезентация,,,
Костями (костьми) лечь,погибнуть.,Мокиенко.csv,Телесная деструкция,,,
Лечь в землю,умереть.,Мокиенко.csv,Аксиологически позитивная репрезентация; Хтоническая репрезентация,,,
Лечь под крест,быть похороненным.,Мокиенко.csv,Аксиологически позитивная репрезентация; Хтоническая репрезентация,,,
Отдать концы,умереть.,Мокиенко.csv,Фаталистическая репрезентация,,,
Отойти в лучший мир,умереть.,Мокиенко.csv,Пространственно-переходная модель,,,
Отойти ко Господу,умереть.,Мокиенко.csv,Религиозная репрезентация; Пространственно-переходная модель,,,
Сойти / отправиться на покой,умереть. | умирать.,Мокиенко.csv,Пространственно-переходная модель; Аксиологически позитивная репрезентация,,,
Покойник непутный,преждевременно умерший человек.,Мокиенко.csv,Фаталистическая репрезентация,,,
Пасть (погибнуть) смертью храбрых,погибнуть героем.,Мокиенко.csv,Семантика насильственного взаимодействия; Социально-этическая семантика,Положительная,,
Пойти на тот свет,умереть.,Мокиенко.csv,Пространственно-переходная модель,,,
Пойти в землю,"умереть, быть похороненным.",Мокиенко.csv,Пространственно-переходная модель; Хтоническая репрезентация,,,
Преставиться в царствие небесное,умереть.,Мокиенко.csv,Религиозная репрезентация,,,
Свести в могилу (кого),довести до смерти.,Мокиенко.csv,Хтоническая репрезентация; Семантика насильственного взаимодействия,,,
Сложить голову,погибнуть.,Мокиенко.csv,Соматическая репрезентация; Семантика насильственного взаимодействия,,,
Смерть стоит за плечами,человек близок к смерти.,Мокиенко.csv,Фаталистическая репрезентация; Персонификация смерти,,,
Уйти в крестовую деревню,умереть.,Мокиенко.csv,Хтоническая репрезентация; Пространственно-переходная модель; Народно-поэтическая репрезентация,,,
Уйти из жизни,умереть.,Мокиенко.csv,Пространственно-переходная модель,,,
Уйти на ту сторону / на тот свет / в сторону мира,умереть.,Мокиенко.csv,Пространственно-переходная модель,,,
Умереть своей смертью,скончаться естественным образом.,Мокиенко.csv,Аксиологически позитивная репрезентация,,,
Умереть не своей смертью,погибнуть насильственно. | покончить жизнь самоубийством.,Мокиенко.csv,Пространственно-переходная модель; Семантика насильственного взаимодействия,,,
Не добрым путём,умереть неестественной смертью.,Мокиенко.csv,Пространственно-переходная модель; Семантика насильственного взаимодействия,,,
Повалиться спокоем,"умереть спокойно, естественной смертью.",Мокиенко.csv,Аксиологически позитивная репрезентация,,,
Пора на покой кому,пришло время умирать.,Мокиенко.csv,Аксиологически позитивная репрезентация; Фаталистическая репрезентация,,,
Найти смерть,"умереть, погибнуть.",Мокиенко.csv,Фаталистическая репрезентация,,,
Околеть насмерть,"умереть, погибнуть.",Мокиенко.csv,Соматическая репрезентация; Криомортальная семантика,,,
Придавать (придать) себе смерть,покончить жизнь самоубийством.,Мокиенко.csv,Семантика насильственного взаимодействия,,,
Смерть нашла / подобрела кого,кто-то погиб. | умер человек.,Мокиенко.csv,Фаталистическая репрезентация; Персонификация смерти,,,
Смерть путь кажет кому,близка чья-либо кончина. | близость чьей-либо кончины.,Мокиенко.csv,Пространственно-переходная модель; Фаталистическая репрезентация; Персонификация смерти,,,
Смерть в глазах у кого,человек близок к смерти.,Мокиенко.csv,Соматическая репрезентация; Фаталистическая репрезентация,,,
У смерти конец,до смерти; смертельно тяжёлое состояние.,Мокиенко.csv,Фаталистическая репрезентация,,,
Живая смерть / Умереть живой смертью,"крайне измождённый, почти мёртвый человек. | пропасть без вести, погибнуть.",Мокиенко.csv,Соматическая репрезентация,,,
Мокрая смерть,смерть от утопления.,Мокиенко.csv,Акватическая метафорика; Семантика насильственного взаимодействия,,,
Чёрная смерть,чума; массовая гибель людей. | чума.,Мокиенко.csv,Телесная деструкция,,,
Елизарко (Елизёрко) приедет сватать,наступит смерть.,Мокиенко.csv,Персонификация смерти,,,
Попасть на берега Великой Жёлтой реки,умереть.,Мокиенко.csv,Пространственно-переходная модель; Акватическая метафорика,,,
Тот берег,загробная жизнь.,Мокиенко.csv,Акватическая метафорика; Пространственно-переходная модель,,,
Лечь под берёзки,умереть.,Мокиенко.csv,Хтоническая репрезентация; Народно-поэтическая репрезентация,,,
Положить под берёзки кого,похоронить кого-либо.,Мокиенко.csv,Хтоническая репрезентация; Народно-поэтическая репрезентация,,,
Освободиться с биркой на левой (правой) ноге,умереть в заключении.,Мокиенко.csv,Соматическая репрезентация,,,
Сделать бирку,умереть.,Мокиенко.csv,Народно-поэтическая репрезентация; Соматическая репрезентация,,,
Отбросить (откинуть) битки,умереть.,Мокиенко.csv,Народно-поэтическая репрезентация,,,
Бог глаза закрыл кому,умер.,Мокиенко.csv,Религиозная репрезентация; Соматическая репрезентация,,,
Бог / Господь прибрал / убрал / обрал / взял / не отпустил кого,умер (после тяжёлой жизни или болезни).,Мокиенко.csv,Религиозная репрезентация; Фаталистическая репрезентация,,,
Бог стучит к кому,человек близок к смерти.,Мокиенко.csv,Религиозная репрезентация; Фаталистическая репрезентация,,,
Бога одним глазом видеть,быть при смерти.,Мокиенко.csv,Религиозная репрезентация; Соматическая репрезентация,,,
Поделиться с Богом,потерять кого-либо из близких.,Мокиенко.csv,Религиозная репрезентация,,,
Идти / пойти / загреметь к Богу в рай,умереть.,Мокиенко.csv,Религиозная репрезентация; Пространственно-переходная модель,,,
Отдавать / отдать Богу душу,умирать. | умереть.,Мокиенко.csv; Тихонов.xlsx,Религиозная репрезентация,,,
Сгореть в болести,умереть.,Мокиенко.csv,Телесная деструкция; Соматическая репрезентация,,,
Брухта отснялась,умерли все старики.,Мокиенко.csv,Народно-поэтическая репрезентация; Фаталистическая репрезентация,,,
Выходить / смотреть на бугор,умирать.,Мокиенко.csv,Пространственно-переходная модель; Хтоническая репрезентация,,,
Уйти на попов бугор,умереть.,Мокиенко.csv,Пространственно-переходная модель; Хтоническая репрезентация; Религиозная репрезентация,,,
Надеть деревянный бушлат,умереть.,Мокиенко.csv,Народно-поэтическая репрезентация; Семантика насильственного взаимодействия,,,
Одеть в деревянный бушлат кого,"умертвить, похоронить.",Мокиенко.csv,Народно-поэтическая репрезентация; Семантика насильственного взаимодействия,,,
Одеться в цинковый бушлат,погибнуть (чаще на войне).,Мокиенко.csv,Семантика насильственного взаимодействия; Народно-поэтическая репрезентация,,,
Закрыться / накрыться бушлатом,умереть.,Мокиенко.csv,Народно-поэтическая репрезентация; Семантика насильственного взаимодействия,,,
За Ванечку пойти,умереть.,Мокиенко.csv,Пространственно-переходная модель; Персонификация смерти,,,
Пора на веники кому,пора умирать.,Мокиенко.csv,Народно-поэтическая репрезентация; Фаталистическая репрезентация,,,
Кончать / скончать свой век,"умирать, погибать.",Мокиенко.csv,Темпоральная репрезентация; Фаталистическая репрезентация,,,
Показать долгий век,умереть.,Мокиенко.csv,Темпоральная репрезентация; Фаталистическая репрезентация,,,
Тот век,загробная жизнь.,Мокиенко.csv,Темпоральная репрезентация; Фаталистическая репрезентация; Пространственно-переходная модель,,,
"Умаять век чей, кому","лишить жизни, убить.",Мокиенко.csv,Темпоральная репрезентация; Фаталистическая репрезентация; Семантика насильственного взаимодействия,,,
Отказать долгие веки кому,умереть.,Мокиенко.csv,Темпоральная репрезентация; Фаталистическая репрезентация,,,
Не доживши веку / не дожив веку,преждевременно умереть.,Мокиенко.csv,Темпоральная репрезентация; Фаталистическая репрезентация,,,
Нет веку кому,кому-либо не судьба жить.,Мокиенко.csv,Темпоральная репрезентация; Фаталистическая репрезентация,,,
Положить век долгий кому,сократить чью-либо жизнь.,Мокиенко.csv,Семантика насильственного взаимодействия; Темпоральная репрезентация,,,
Пропасть среди веку,умереть преждевременно.,Мокиенко.csv,Темпоральная репрезентация; Фаталистическая репрезентация,,,
С веку долой,"кто-либо умер, издох.",Мокиенко.csv,Темпоральная репрезентация; Фаталистическая репрезентация,,,
Приять мученический венец,пострадать и умереть в мучениях.,Мокиенко.csv,Религиозная репрезентация; Семантика насильственного взаимодействия,,,
Ветер задул лампадку чью,кто-либо умер.,Мокиенко.csv,Религиозная репрезентация,,,
Отойти / Перейти / Переселиться в вечность,умереть.,Мокиенко.csv,Пространственно-переходная модель; Аксиологически позитивная репрезентация,,,
Испустить / испустить последний вздох,умереть.,Мокиенко.csv,Темпоральная репрезентация; Соматическая репрезентация,,,
До последнего вздоха,до самой смерти. | до смерти.,Мокиенко.csv; Тихонов.xlsx,Темпоральная репрезентация; Соматическая репрезентация,,,
Лежать вмёртвую,"умирать, быть при смерти.",Мокиенко.csv,Соматическая репрезентация,,,
Задавиться вином,умереть от алкоголизма.,Мокиенко.csv,Соматическая репрезентация; Народно-поэтическая репрезентация,,,
Вода взяла кого,"погибнуть на воде, утонуть.",Мокиенко.csv,Акватическая метафорика; Семантика насильственного взаимодействия,,,
Уйти с вешней водой,умереть весной.,Мокиенко.csv,Пространственно-переходная модель; Акватическая метафорика,,,
Остаться на войне,погибнуть в бою.,Мокиенко.csv,Семантика насильственного взаимодействия,,,
Умереть с доброй волей,умереть естественной смертью.,Мокиенко.csv,Аксиологически позитивная репрезентация,,,
Пойти за Пырькины ворота,умереть.,Мокиенко.csv,Пространственно-переходная модель; Народно-поэтическая репрезентация,,,
Выворачивать / выворотить глаза,умирать.,Мокиенко.csv,Соматическая репрезентация,,,
Вынет глаза у кого,кто-либо умрёт.,Мокиенко.csv,Соматическая репрезентация; Фаталистическая репрезентация,,,
Глаза закрылись у кого,кто-либо умер.,Мокиенко.csv,Соматическая репрезентация,,,
Глаз песком засыплются чьи,кто-либо умрёт.,Мокиенко.csv,Соматическая репрезентация; Хтоническая репрезентация; Фаталистическая репрезентация,,,
Запирать / закрывать / зажечь глаза,умирать.,Мокиенко.csv,Соматическая репрезентация,,,
Положить на глаз песку,умереть.,Мокиенко.csv,Соматическая репрезентация; Хтоническая репрезентация,,,
Закрыть глазки (да лечь на салазки),умереть.,Мокиенко.csv,Соматическая репрезентация; Аксиологически позитивная репрезентация,,,
Заложить голову,погибнуть.,Мокиенко.csv,Соматическая репрезентация,,,
Отсадить голову,"погибнуть, умереть в результате несчастного случая.",Мокиенко.csv,Соматическая репрезентация; Фаталистическая репрезентация,,,
"Класть / положить голову за кого, за что","погибать, жертвовать собой.",Мокиенко.csv,Соматическая репрезентация; Социально-этическая семантика,Положительная,,
Подкладывать (подлеживать) голову,"погибать, рисковать жизнью.",Мокиенко.csv,Соматическая репрезентация; Социально-этическая семантика,Положительная,,
Покончить свою голову,погибнуть.,Мокиенко.csv,Соматическая репрезентация; Семантика насильственного взаимодействия,,,
Ехать (переселяться) на гору / заезжать на гору,умирать.,Мокиенко.csv,Пространственно-переходная модель; Хтоническая репрезентация,,,
Идти (пойти) под гору,"стареть, терять благополучие, приближаться к смерти.",Мокиенко.csv,Пространственно-переходная модель; Хтоническая репрезентация; Фаталистическая репрезентация,,,
Понести на гору кого,похоронить.,Мокиенко.csv,Хтоническая репрезентация,,,
Уйти на гору,умереть.,Мокиенко.csv,Пространственно-переходная модель; Хтоническая репрезентация,,,
Собираться на гору,готовиться к смерти.,Мокиенко.csv,Хтоническая репрезентация; Фаталистическая репрезентация,,,
Попасть в звёздный городок,умереть.,Мокиенко.csv,Пространственно-переходная модель; ,,,
На горушку / с горушкой,умереть.,Мокиенко.csv,Хтоническая репрезентация,,,
До гроба / По гроб (жизни),до конца жизни.,Мокиенко.csv,Хтоническая репрезентация; Темпоральная репрезентация,,,
Стоять на краю гроба,быть при смерти.,Мокиенко.csv,Хтоническая репрезентация; Пространственно-переходная модель,,,
За гробом,в потустороннем мире.,Мокиенко.csv,Хтоническая репрезентация; Пространственно-переходная модель,,,
Перевернулся бы в гробу,сильно возмущаться.,Мокиенко.csv,Хтоническая репрезентация; Социально-этическая семантика,Негативная,,
Лежать в гробной,быть мёртвым.,Мокиенко.csv,Аксиологически позитивная репрезентация; Хтоническая репрезентация,,,
Уйти в гробную,умереть.,Мокиенко.csv,Пространственно-переходная модель; Хтоническая репрезентация,,,
Пойти на гробик,приблизиться к смерти.,Мокиенко.csv,Пространственно-переходная модель; Хтоническая репрезентация,,,
Дух вон из кого,о смерти человека.,Мокиенко.csv,Религиозная репрезентация; Пространственно-переходная модель,,,
Душа выходит у кого,о смерти человека.,Мокиенко.csv,Религиозная репрезентация; Пространственно-переходная модель,,,
Пойти на жизнь / Прощаться с жизнью / Распроститься с жизнью / Лишиться жизни / Уходить из жизни,умереть.,Мокиенко.csv,Пространственно-переходная модель,,,
На вечную жизнь,умереть навсегда.,Мокиенко.csv,Аксиологически позитивная репрезентация; Фаталистическая репрезентация; Темпоральная репрезентация,,,
Поплатиться жизнью,погибнуть при опасных действиях.,Мокиенко.csv,Социально-этическая семантика; Семантика насильственного взаимодействия,Положительная,,
В земельку собираться / Ложиться в земельку,умирать.,Мокиенко.csv,Хтоническая репрезентация; Фаталистическая репрезентация; Пространственно-переходная модель,,,
Взяться землёй,"истлеть, превратиться в прах.",Мокиенко.csv,Хтоническая репрезентация,,,
Пахнуть землёй,быть близким к смерти.,Мокиенко.csv,Хтоническая репрезентация,,,
Предать земле кого,похоронить.,Мокиенко.csv,Хтоническая репрезентация,,,
Взойти в сырую землю,умереть.,Мокиенко.csv,Хтоническая репрезентация; Пространственно-переходная модель,,,
Глядеть в землю,готовиться к смерти.,Мокиенко.csv,Хтоническая репрезентация; Соматическая репрезентация,,,
Жрать землю,быть мёртвым.,Мокиенко.csv,Хтоническая репрезентация; Соматическая репрезентация,,,
Идти в землю / Идти в Могилёвскую землю,умереть.,Мокиенко.csv,Пространственно-переходная модель; Хтоническая репрезентация,,,
Полезть в землю,умереть.,Мокиенко.csv,Хтоническая репрезентация; Пространственно-переходная модель,,,
Спрятать в землю кого,похоронить.,Мокиенко.csv,Хтоническая репрезентация,,,
Угнать в землю кого,довести до смерти.,Мокиенко.csv,Хтоническая репрезентация; Семантика насильственного взаимодействия,,,
Уйти под землю,"умереть, скончаться.",Мокиенко.csv,Пространственно-переходная модель; Хтоническая репрезентация,,,
Зёночки закатились у кого,кто-либо умер.,Мокиенко.csv,Народно-поэтическая репрезентация; Соматическая репрезентация,,,
Рыть землю носом,"умереть, быть мёртвым.",Мокиенко.csv,Соматическая репрезентация; Хтоническая репрезентация,,,
Поваляться в землю,умереть.,Мокиенко.csv,Хтоническая репрезентация,,,
Повалило в землю кого,кто-либо умер.,Мокиенко.csv,Хтоническая репрезентация,,,
Под (в) землю уйти,"исчезнуть, пропасть.",Мокиенко.csv,Пространственно-переходная модель; Хтоническая репрезентация,,,
Иван Гробов,смерть.,Мокиенко.csv,Хтоническая репрезентация; Персонификация смерти,,,
До последнего издыхания,"до самой смерти, до конца жизни.",Мокиенко.csv,Темпоральная репрезентация; Соматическая репрезентация,,,
Пойти на истёк,умереть.,Мокиенко.csv,Пространственно-переходная модель,,,
Каблучок долой,об умершем человеке.,Мокиенко.csv,Народно-поэтическая репрезентация,,,
Притягивать к Иисусу,похоронить кого-л.,Мокиенко.csv,Религиозная репрезентация,,,
Метнуть кал,"надорваться, умереть.",Мокиенко.csv,Соматическая репрезентация,,,
Дать карачун,умереть.,Мокиенко.csv,Криомортальная семантика,,,
Карачун пришел / Карачун пришёл кому,"кто-л. умер. | о внезапной, неожиданной смерти, гибели.",Мокиенко.csv; Тихонов.xlsx,Криомортальная семантика,,,
Катушки сдать,умереть.,Мокиенко.csv,Народно-поэтическая репрезентация,,,
Каюк пришёл кому,"кто-л. умер, скончался.",Мокиенко.csv,Фаталистическая репрезентация,,,
Отбросить кеды,умереть.,Мокиенко.csv,Народно-поэтическая репрезентация,,,
Выставить кеды,умереть.,Мокиенко.csv,Народно-поэтическая репрезентация,,,
Пойти колом да ломом,"погибнуть, подвергнуться уничтожению.",Мокиенко.csv,Семантика насильственного взаимодействия,,,
Командировка в вечность,умереть.,Мокиенко.csv,Пространственно-переходная модель; Аксиологически позитивная репрезентация,,,
Пойти в кон,"погибнуть, умереть.",Мокиенко.csv,Пространственно-переходная модель,,,
Липовый кондуктор,гроб.,Мокиенко.csv,Народно-поэтическая репрезентация,,,
В конец света,"очень далеко, в отдалённое место.",Мокиенко.csv,Пространственно-переходная модель; Фаталистическая репрезентация,,,
Видеть конец кому,о приближении чьей-л. смерти.,Мокиенко.csv,Фаталистическая репрезентация,,,
Дать конец себе,покончить жизнь самоубийством.,Мокиенко.csv,Семантика насильственного взаимодействия,,,
Концы в животе кому,о чьей-либо смерти.,Мокиенко.csv,Соматическая репрезентация; Фаталистическая репрезентация,,,
Отдавать / отдать / откинуть / приклеить концы (в воду),умирать.,Мокиенко.csv,Социально-этическая семантика; Фаталистическая репрезентация; Акватическая метафорика,,,
Коней нарезать,умереть.,Мокиенко.csv,Народно-поэтическая репрезентация,,,
"Бросать/бросить (отбросить, кинуть) кони",умирать.,Мокиенко.csv,Народно-поэтическая репрезентация,,,
Отдать/ отбросить / растянуть / склеить / сточить коньки,умереть.,Мокиенко.csv,Народно-поэтическая репрезентация,,,
С коньков долой,смерть кого-либо.,Мокиенко.csv,Народно-поэтическая репрезентация,,,
Дать кончину,умереть.,Мокиенко.csv,Народно-поэтическая репрезентация,,,
С копыт долой,умереть.,Мокиенко.csv,Народно-поэтическая репрезентация; Соматическая репрезентация,,,
Загнуть / задрать / отбросить / откинуть / протянуть копыта,умереть.,Мокиенко.csv,Соматическая репрезентация; Народно-поэтическая репрезентация,,,
Скласть кости,"умереть, погибнуть.",Мокиенко.csv,Телесная деструкция,,,
Парить кости в землю,похоронить кого-л.,Мокиенко.csv,Соматическая репрезентация; Телесная деструкция; Хтоническая репрезентация,,,
Шевелить мёртвые кости,поминать усопших.,Мокиенко.csv,Телесная деструкция,,,
Мертвы кости,"покойник, труп.",Мокиенко.csv,Телесная деструкция,,,
Положить кости,"умереть, погибнуть.",Мокиенко.csv,Телесная деструкция,,,
Лечь костьми,"погибнуть в бою, сражении. | пасть в бою, погибнуть.",Мокиенко.csv; Тихонов.xlsx,Аксиологически позитивная репрезентация; Телесная деструкция; Социально-этическая семантика,Позитивная,,
Пора костям на место,пора умирать.,Мокиенко.csv,Фаталистическая репрезентация; Телесная деструкция,,,
Кранки,умереть.,Мокиенко.csv,Акватическая метафорика,,,
Пойти на крах,погибнуть.,Мокиенко.csv,Пространственно-переходная модель; Телесная деструкция,,,
На краю (у края) кладбища/могилы/пропасти/смерти,перед смертью.,Мокиенко.csv,Религиозная репрезентация; Хтоническая репрезентация,,,
Уйти под крест (на кресты),умереть.,Мокиенко.csv,Религиозная репрезентация; Пространственно-переходная модель,,,
Быть у креста,умереть.,Мокиенко.csv,Религиозная репрезентация,,,
Кровь не переработала у кого что,"кто-л. не пережил какую-л. беду, несчастье.",Мокиенко.csv,Соматическая репрезентация,,,
Потопить в крови что,массовое физическое уничтожение людей.,Мокиенко.csv,Соматическая репрезентация; Семантика насильственного взаимодействия,,,
Проливать/пролить кровь,"погибать, защищая кого-л., что-л.",Мокиенко.csv,Соматическая репрезентация; Семантика насильственного взаимодействия; Социально-этическая семантика,Положительная,,
Венчаться кровью,быть убитым.,Мокиенко.csv,Соматическая репрезентация; Семантика насильственного взаимодействия,,,
Платить кровью за что,"погибать, добиваясь чего-л.",Мокиенко.csv,Соматическая репрезентация; Семантика насильственного взаимодействия; Социально-этическая семантика,Положительная,,
Полить кровью,горько заплакать от переживания.,Мокиенко.csv,Соматическая репрезентация; Семантика насильственного взаимодействия,,,
Смыть кровью обиду,"отомстить, убив обидчика.",Мокиенко.csv,Соматическая репрезентация; Семантика насильственного взаимодействия,,,
Отправлять в райские кущи кого,"убивать, умерщвлять кого-л.",Мокиенко.csv,Религиозная репрезентация; Пространственно-переходная модель; Семантика насильственного взаимодействия,,,
Быть (близко) / Лечь / Растянуться (вдоль по) на (смертной / сторонней) лавке,умереть.,Мокиенко.csv,Аксиологически позитивная репрезентация; Народно-поэтическая репрезентация; Фаталистическая репрезентация,,,
Надуть / загнуть лапы,умереть.,Мокиенко.csv,Соматическая репрезентация; Народно-поэтическая репрезентация,,,
Чалить лапоть кверху,умереть.,Мокиенко.csv,Народно-поэтическая репрезентация,,,
"Отпускать / отпустить / отбрасывать, откидывать лапти",умирать.,Мокиенко.csv,Народно-поэтическая репрезентация,,,
Лапти прочь,умереть.,Мокиенко.csv,Народно-поэтическая репрезентация,,,
Лапти стоят в углу,умереть.,Мокиенко.csv,Народно-поэтическая репрезентация,,,
Сушить / сворачивать / подворачивать / бросить ласты,умереть.,Мокиенко.csv,Народно-поэтическая репрезентация; Акватическая метафорика,,,
Лёгкое лежанье кому,"умереть, пусть земля будет пухом.",Мокиенко.csv,Аксиологически позитивная репрезентация,,,
Лечь в лёжку,"умереть, слечь от усталости или болезни.",Мокиенко.csv,Соматическая репрезентация;,,,
Окончить лета,"умереть, скончаться.",Мокиенко.csv,Темпоральная репрезентация,,,
Леший забрал кого,умереть.,Мокиенко.csv,Народно-поэтическая репрезентация,,,
Большой лог,кладбище.,Мокиенко.csv,Хтоническая репрезентация,,,
Поехать на лог,умереть.,Мокиенко.csv,Пространственно-переходная модель; Хтоническая репрезентация,,,
Связывать ложки,умирать.,Мокиенко.csv,Народно-поэтическая репрезентация,,,
Пойти к Лопатинскому,умереть.,Мокиенко.csv,Пространственно-переходная модель; Хтоническая репрезентация; Персонификация смерти,,,
На зелёном лужочке ямочка приготовлена кому,пора умирать.,Мокиенко.csv,Хтоническая репрезентация; Фаталистическая репрезентация; Темпоральная репрезентация; Аксиологически позитивная репрезентация,,,
Отбросить/откинуть лыжи,умереть.,Мокиенко.csv,Народно-поэтическая репрезентация,,,
Поставить лыжи в угол,умереть.,Мокиенко.csv,Народно-поэтическая репрезентация,,,
Задрать лытки,умереть.,Мокиенко.csv,Народно-поэтическая репрезентация; Соматическая репрезентация,,,
Отбросить лытки,умереть.,Мокиенко.csv,Народно-поэтическая репрезентация; Соматическая репрезентация,,,
Глядеть на мазарки,быть близким к смерти.,Мокиенко.csv, Народно-поэтическая репрезентация; Соматическая репрезентация; Хтоническая репрезентация,,,
Застучать на мазарки,умереть.,Мокиенко.csv, Народно-поэтическая репрезентация; Хтоническая репрезентация,,,
Пойти на мазарки портянки сушить,умереть.,Мокиенко.csv,Пространственно-переходная модель; Народно-поэтическая репрезентация; Хтоническая репрезентация,,,
Верхние люди,души умерших.,Мокиенко.csv,Пространственно-переходная модель; Религиозная репрезентация,,,
Дать медаль в девять граммов,убить.,Мокиенко.csv,Семантика насильственного взаимодействия,,,
Наградить свинцовой медалью,убить.,Мокиенко.csv,Семантика насильственного взаимодействия,,,
Лежать за мертвецкую,быть при смерти.,Мокиенко.csv,Соматическая репрезентация,,,
За могилой,в потустороннем мире.,Мокиенко.csv,Хтоническая репрезентация; Пространственно-переходная модель,,,
Вгонять/вогнать/сводить/свести в могилу кого,доводить кого-л. до смерти.,Мокиенко.csv,Семантика насильственного взаимодействия; Хтоническая репрезентация,,,
В могилу ногой,быть близким к смерти.,Мокиенко.csv,Соматическая репрезентация; Хтоническая репрезентация,,,
Залезть в могилу,попасть в безвыходное положение.,Мокиенко.csv,Хтоническая репрезентация; Фаталистическая репрезентация,,,
Пихаться в могилу,ложиться в могилу.,Мокиенко.csv,Хтоническая репрезентация,,,
Пойти спать в могилу,умереть.,Мокиенко.csv,Пространственно-переходная модель; Аксиологически позитивная репрезентация; Хтоническая репрезентация,,,
Рыть могилу кому,готовить чью-л. гибель.,Мокиенко.csv,Хтоническая репрезентация,,,
Смотреть в могилу,быть близким к смерти.,Мокиенко.csv,Хтоническая репрезентация; Соматическая репрезентация; Фаталистическая репрезентация,,,
Сходить/сойти в могилу,ложиться в могилу.,Мокиенко.csv,Хтоническая репрезентация; Пространственно-переходная модель,,,
До могилы,"до самой смерти, до конца жизни.",Мокиенко.csv,Хтоническая репрезентация,,,
Съездить в Могилёв,умереть.,Мокиенко.csv,Пространственно-переходная модель,,,
Уйти в Могилёво,"то же, что съездить в Могилев.",Мокиенко.csv,Пространственно-переходная модель,,,
Быть в Могилёвске,"быть мёртвым, умершим.",Мокиенко.csv,Пространственно-переходная модель,,,
Быть в Могилёвской,"то же, что быть в Могилёвске.",Мокиенко.csv,Пространственно-переходная модель,,,
Идти/пойти налево,"умирать, погибать.",Мокиенко.csv,Пространственно-переходная модель,,,
Лежать наприхуде,"быть при смерти, умирать.",Мокиенко.csv,Соматическая репрезентация; Темпоральная репрезентация; Фаталистическая репрезентация,,,
Уходить/уйти в небытие,умирать.,Мокиенко.csv,Пространственно-переходная модель; Аксиологически позитивная репрезентация,,,
С ног да в гроб,"о скоропостижной, внезапной смерти.",Мокиенко.csv,Соматическая репрезентация; Хтоническая репрезентация,,,
"Одна нога в гробу, другая на берегу","то же, что одна нога в яме; о человеке близком к смерти.",Мокиенко.csv,Соматическая репрезентация; Хтоническая репрезентация; Фаталистическая репрезентация; Акватическая метафорика,,,
Одной ногой (одна нога) в могиле / Одной ногой в могиле / Стоять одной ногой в могиле,"стоять на грани смерти, быть близким к кончине. | человек, близкий к смерти. | быть безнадёжно больным, близким к смерти. | близок к гибели, кончине; при смерти.",Мокиенко.csv; Тихонов.xlsx,Соматическая репрезентация; Хтоническая репрезентация; Фаталистическая репрезентация,,,
Лечь кверх ногами,умереть.,Мокиенко.csv,Соматическая репрезентация; Аксиологически позитивная репрезентация,,,
Свесить ногами,умереть.,Мокиенко.csv,Соматическая репрезентация,,,
Туды дожидают вперёд ногами,о чьей-либо близкой смерти.,Мокиенко.csv,Соматическая репрезентация; Фаталистическая репрезентация; Пространственно-переходная модель,,,
Свалиться на ноги,умереть на своих ногах.,Мокиенко.csv,Соматическая репрезентация; Фаталистическая репрезентация,,,
Умереть на своих ногах,скоропостижно скончаться.,Мокиенко.csv,Соматическая репрезентация; Фаталистическая репрезентация,,,
Отбросить / отклонить / протянуть / убирать / задрать / задирать / свесить ноги,умереть.,Мокиенко.csv,Соматическая репрезентация; Народно-поэтическая репрезентация,,,
Утянуть ноги в землю,умереть.,Мокиенко.csv,Соматическая репрезентация; Хтоническая репрезентация,,,
Стоять одной ногой в гробе,"то же, что стоять одной ногой в могиле.",Мокиенко.csv,Соматическая репрезентация; Хтоническая репрезентация; Фаталистическая репрезентация,,,
Ноги не остыли,"кто-л. недавно умер, скончался.",Мокиенко.csv,Соматическая репрезентация,,,
Уйти к ногтю,"умереть, скончаться.",Мокиенко.csv,Пространственно-переходная модель; Соматическая репрезентация,,,
Протягивать/протянуть ножки,умирать.,Мокиенко.csv,Соматическая репрезентация,,,
Скласть ножки,умереть.,Мокиенко.csv,Соматическая репрезентация,,,
Сухая ножка подбежала,смерть.,Мокиенко.csv,Персонификация смерти; Народно-поэтическая репрезентация; Фаталистическая репрезентация,,,
Поймать одубея,умереть.,Мокиенко.csv,Народно-поэтическая репрезентация; Криомортальная семантика,,,
Потерять остатки души,умереть.,Мокиенко.csv,Религиозная репрезентация,,,
Пойти (уйти) в земельный отдел,умереть.,Мокиенко.csv,Пространственно-переходная модель; Хтоническая репрезентация,,,
Памжа обобрала кого,умереть.,Мокиенко.csv,Персонификация смерти; Фаталистическая репрезентация,,,
Пар вышел/вон,"умереть, скончаться.",Мокиенко.csv,Соматическая репрезентация,,,
Умирать в пахоте,"напряжённо работать, физически изнуряться (эвфемизм смерти через истощение).",Мокиенко.csv,Народно-поэтическая репрезентация; Соматическая репрезентация,,,
С песком глаз засыпать,похоронить кого-л.,Мокиенко.csv,Соматическая репрезентация; Хтоническая репрезентация,,,
Пойти песок караулить,умереть.,Мокиенко.csv,Пространственно-переходная модель; Хтоническая репрезентация,,,
Вытянуть песцы,умереть.,Мокиенко.csv,Народно-поэтическая репрезентация; Соматическая репрезентация,,,
Вскочить в петёлку,повеситься.,Мокиенко.csv,Семантика насильственного взаимодействия,,,
Повиснуть в петле,"покончить жизнь самоубийством, повесившись.",Мокиенко.csv,Семантика насильственного взаимодействия,,,
Влезть в петлю,"кончать жизнь самоубийством, повесившись.",Мокиенко.csv,Семантика насильственного взаимодействия,,,
"Зайти (пойти, сесть) в петлю",повиснуть в петле.,Мокиенко.csv,Семантика насильственного взаимодействия,,,
Надевать петлю,"кончать жизнь самоубийством, повесившись.",Мокиенко.csv,Семантика насильственного взаимодействия,,,
Пиздой накрыться,"умереть, прекратить существование.",Мокиенко.csv,Соматическая репрезентация; Народно-поэтическая репрезентация,,,
Пиздец пришёл кому,"конец, кто-л. умер, обречён.",Мокиенко.csv,Пространственно-переходная модель; Семантика насильственного взаимодействия; Фаталистическая репрезентация,,,
Накрыться рваной пилоткой,умереть.,Мокиенко.csv,Народно-поэтическая репрезентация; Семантика насильственного взаимодействия,,,
Попасть/поступить на тридцать второй пикет,умереть.,Мокиенко.csv,Пространственно-переходная модель; Семантика насильственного взаимодействия,,,
Надеть (одеть) деревянный пирог,умереть.,Мокиенко.csv,Народно-поэтическая репрезентация,,,
Отдать платьице,умереть.,Мокиенко.csv,Телесная деструкция; Соматическая репрезентация; Народно-поэтическая репрезентация,,"Платьице - тело, сбросить земное/бренное",
Потащить на плаху кого,"конвоировать к смерти, казнь.",Мокиенко.csv,Семантика насильственного взаимодействия,,,
На покой,"умереть, скончаться.",Мокиенко.csv,Аксиологически позитивная репрезентация,,,
Накрыть покойников,умереть.,Мокиенко.csv,Соматическая репрезентация,,,
Войти в ту половину,умереть.,Мокиенко.csv,Пространственно-переходная модель,,,
Сесть в пепел,"рассыпаться, истлеть.",Мокиенко.csv,Телесная деструкция,,,
Погореть с пеплом,"сгореть дотла, до основания.",Мокиенко.csv,Телесная деструкция,,,
Недобрая постель,быстрая смерть.,Мокиенко.csv,Соматическая репрезентация; Аксиологически позитивная репрезентация,,,
Отправиться в последний путь,умереть.,Мокиенко.csv,Пространственно-переходная модель; Темпоральная репрезентация; Фаталистическая репрезентация,,,
Отправлять (идти) к праотцам,умирать.,Мокиенко.csv,Пространственно-переходная модель,,,
Идти/пойти на прах,умереть.,Мокиенко.csv,Пространственно-переходная модель; Телесная деструкция,,,
Обращаться в прах,прекращать своё существование.,Мокиенко.csv,Телесная деструкция,,,
Пасть во прах,погибнуть.,Мокиенко.csv,Семантика насильственного взаимодействия; Телесная деструкция,,,
Взяться прахом,исчезнуть.,Мокиенко.csv,Телесная деструкция; Фаталистическая репрезентация,,,
Идти прахом,"разрушаться, заканчиваться безрезультатно.",Мокиенко.csv,Пространственно-переходная модель; Телесная деструкция; Фаталистическая репрезентация,,,
"Велеть, приказать долго жить",умереть. | умереть.,Мокиенко.csv; Тихонов.xlsx,Темпоральная репрезентация; Фаталистическая репрезентация,,,
Быть на приставе,погибнуть.,Мокиенко.csv,Семантика насильственного взаимодействия,,,
Провал взял кого,умереть.,Мокиенко.csv,Хтоническая репрезентация; Фаталистическая репрезентация; Персонификация смерти,,,
Дойти до пропасти,быть близким к смерти.,Мокиенко.csv,Пространственно-переходная модель; Хтоническая репрезентация; Фаталистическая репрезентация,,,
Брать прописью кого,убивать кого-л. холодным оружием.,Мокиенко.csv,Семантика насильственного взаимодействия,,,
Воткнуть в землю,умереть.,Мокиенко.csv,Хтоническая репрезентация,,,
Попасть в шестнадцатую роту,умереть.,Мокиенко.csv,Пространственно-переходная модель; Семантика насильственного взаимодействия,,,
Пойти в [зелёную] рощу/березовый/зеленый сад,умереть.,Мокиенко.csv,Религиозная репрезентация; Пространственно-переходная модель; Аксиологически позитивная репрезентация,,,
Выехать в Ростов,"умереть, не оставив яркого следа.",Мокиенко.csv,Пространственно-переходная модель,,,
Умереть от своей руки / Умереть от своих рук,кончить жизнь самоубийством. | покончить жизнь самоубийством.,Мокиенко.csv,Соматическая репрезентация; Семантика насильственного взаимодействия,,,
Накладывать/наложить/положить на себя руки,кончать жизнь самоубийством.,Мокиенко.csv,Соматическая репрезентация; Семантика насильственного взаимодействия,,,
Поднимать/поднять на себя руки,кончать жизнь самоубийством.,Мокиенко.csv,Соматическая репрезентация; Семантика насильственного взаимодействия,,,
Полечь на свой руки,кончать жизнь самоубийством.,Мокиенко.csv,Соматическая репрезентация; Семантика насильственного взаимодействия,,,
Уйти под сады,умереть.,Мокиенко.csv,Религиозная репрезентация; Пространственно-переходная модель,,,
Протянуть (откинуть) сандалии,умереть.,Мокиенко.csv,Народно-поэтическая репрезентация,,,
"Заехать (обобраться, пойти, уйти) на тот свет",умереть.,Мокиенко.csv,Пространственно-переходная модель; Аксиологически позитивная репрезентация,,,
Спровадить на тот свет кого,"довести до смерти, убить кого-л.",Мокиенко.csv,Семантика насильственного взаимодействия; Пространственно-переходная модель,,,
Убраться на тот свет,умереть.,Мокиенко.csv,Пространственно-переходная модель; Народно-поэтическая репрезентация,,,
Угонять на тот свет кого,"доводить до смерти, убивать кого-л.",Мокиенко.csv,Пространственно-переходная модель; Семантика насильственного взаимодействия,,,
Унести на тот свет что,"умереть, не успев сообщить о чём-л.",Мокиенко.csv,Пространственно-переходная модель,,,
Отходить/отойти/отправиться на тот свет,умирать.,Мокиенко.csv,Пространственно-переходная модель,,,
Оставлять/оставить сей свет,умереть.,Мокиенко.csv,Пространственно-переходная модель,,,
Отправить на тот свет кого,"погубить, убить кого-л.",Мокиенко.csv,Пространственно-переходная модель; Семантика насильственного взаимодействия,,,
Сложить руки,умирать.,Мокиенко.csv,Соматическая репрезентация,,,
Потерять белый свет,умереть.,Мокиенко.csv,Пространственно-переходная модель; Народно-поэтическая репрезентация,,,
Сживать/сжить/выжить/сводить/свести со света (со свету) кого,доводить до смерти кого-л.,Мокиенко.csv,Пространственно-переходная модель; Семантика насильственного взаимодействия,,,
Не взвидеть света Божьего кому,мучительно страдать (на грани смерти).,Мокиенко.csv,Религиозная репрезентация; Пространственно-переходная модель; Семантика насильственного взаимодействия,,,
Смотреть вон из света,доживать последние дни жизни.,Мокиенко.csv,Пространственно-переходная модель,,,
Отойти в селения горние,умереть.,Мокиенко.csv,Пространственно-переходная модель,,,
Уйти от семьи,умереть.,Мокиенко.csv,Пространственно-переходная модель,,,
Понести смертушку,умереть.,Мокиенко.csv,Персонификация смерти; Фаталистическая репрезентация; Народно-поэтическая репрезентация; Соматическая репрезентация,,,
Смерть к вороту подходит,приближение смерти.,Мокиенко.csv,Персонификация смерти; Фаталистическая репрезентация,,,
Смерть причину найдёт,"неожиданная, странная смерть.",Мокиенко.csv,Фаталистическая репрезентация; Персонификация смерти,,,
Пасть смертью храбрых,"умереть героем (в бою, сражении).",Мокиенко.csv,Семантика насильственного взаимодействия; Социально-этическая семантика,Положительная,,
Умереть/Помереть с голодной смертью,умереть от голода.,Мокиенко.csv,Соматическая репрезентация,,,
"Заснуть вечным (последним, могильным) сном",умереть.,Мокиенко.csv,Аксиологически позитивная репрезентация; Темпоральная репрезентация; Криомортальная семантика,,,
Покоиться/Спать вечным сном,"быть мёртвым, погребённым.",Мокиенко.csv,Аксиологически позитивная репрезентация; Фаталистическая репрезентация; Темпоральная репрезентация,,,
Идти под сопку,умирать.,Мокиенко.csv,Пространственно-переходная модель; Хтоническая репрезентация; Народно-поэтическая репрезентация,,,
Сладкий сон,смерть от передозировки наркотика.,Мокиенко.csv,Фаталистическая репрезентация; Семантика насильственного взаимодействия; Аксиологически позитивная репрезентация,,,
Сон навеки,смерть.,Мокиенко.csv,Аксиологически позитивная репрезентация; Темпоральная репрезентация; Фаталистическая репрезентация,,,
Упасть в вечный сон,умереть.,Мокиенко.csv,Пространственно-переходная модель; Аксиологически позитивная репрезентация,,,
Идти под становку,умирать.,Мокиенко.csv,Пространственно-переходная модель; Народно-поэтическая репрезентация,,,
Уезжать (уйти) на ту сторону,умирать.,Мокиенко.csv,Пространственно-переходная модель,,,
Накрыться [медным] тазом,умереть.,Мокиенко.csv,Народно-поэтическая репрезентация,,,
"Отбросить (откинуть, склеить) тапочки",умереть.,Мокиенко.csv,Народно-поэтическая репрезентация,,,
"В тартарары (загреметь, провалиться, уйти, свалиться)","погибнуть, исчезнуть.",Мокиенко.csv,Пространственно-переходная модель; Хтоническая репрезентация; Античное наследие (Греция и Рим),,,
"Надеть (одеться в) деревянный (дубовый, сосновый) тулуп",умереть.,Мокиенко.csv; Бирих_Мокиенко_Степанова.xlsx,Народно-поэтическая репрезентация,,,
Ложиться на упокой,умирать.,Мокиенко.csv,Религиозная репрезентация; Аксиологически позитивная репрезентация,,,
Класть в упряжку,умереть.,Мокиенко.csv,Пространственно-переходная модель; Народно-поэтическая репрезентация,,,
Идти на вечную фатеру,умереть.,Мокиенко.csv,Пространственно-переходная модель; Аксиологически позитивная репрезентация; Народно-поэтическая репрезентация ,,,
Лечь в сосновый (дубовый) чемодан,умереть.,Мокиенко.csv,Аксиологически позитивная репрезентация; Народно-поэтическая репрезентация,,,
Лежать в цветах,"быть мёртвым, умереть.",Мокиенко.csv,Аксиологически позитивная репрезентация; Народно-поэтическая репрезентация,,,
Смертный час / смертный час,"смерть, время смерти. | смерть; время смерти.",Бирих_Мокиенко_Степанова.xlsx; Мокиенко.csv,Темпоральная репрезентация; Фаталистическая репрезентация,,,
Чешки в угол кинуть (поставить),умереть.,Мокиенко.csv,Народно-поэтическая репрезентация,,,
вгонять / вогнать в гроб,довести до смерти ко­го-л.,Бирих_Мокиенко_Степанова.xlsx,Хтоническая репрезентация; Семантика насильственного взаимодействия,,,
отправляться / от­правиться (поехать) в могилёв­скую губернию,умереть,Бирих_Мокиенко_Степанова.xlsx,Пространственно-переходная модель; Народно-поэтическая репрезентация,,,
живой труп,"о человеке, находящемся между жизнью и смертью; больном, изможденном.",Бирих_Мокиенко_Степанова.xlsx,Телесная деструкция; Соматическая репрезентация,,,
любить до самой берёзки,любить до самой смерти.,Бирих_Мокиенко_Степанова.xlsx,Народно-поэтическая репрезентация; Темпоральная репрезентация,,,
кануть в вечность,"полностью, навсегда, бесслед­ но исчезнуть.  подвергнуться полно­ му, абсолютному забвению.",Бирих_Мокиенко_Степанова.xlsx,Пространственно-переходная модель; Аксиологически позитивная репрезентация; Фаталистическая репрезентация; Темпоральная репрезентация,,,
"класть / положить [свою] ду­шу за кого, что","отда­вать жизнь, жертвовать собой, умирать за кого-, что-л.",Бирих_Мокиенко_Степанова.xlsx,Семантика насильственного взаимодействия; Телесная деструкция; Социально-этическая семантика,,,
ложиться / лечь костьми,"погибнуть в бою, сражении.",Бирих_Мокиенко_Степанова.xlsx,Семантика насильственного взаимодействия; Телесная деструкция; Социально-этическая семантика,Положительная,,
костей своих не соберёшь (не собрать),"не уцеле­ешь, наверняка погибнешь, будешь полно­стью уничтожен.",Бирих_Мокиенко_Степанова.xlsx,Телесная деструкция; Народно-поэтическая репрезентация; Семантика насильственного взаимодействия,,,
мирошка хватил кого-л,кто-л. скоропостижно умер.,Бирих_Мокиенко_Степанова.xlsx,Персонификация смерти; Народно-поэтическая репрезентация,,,
Ангел смерти,о смерти.,Тихонов.xlsx,Религиозная репрезентация; Персонификация смерти,,,
"Спать (заснуть, уснуть) беспробудным сном",а) умереть; б) крепко спать.,Тихонов.xlsx,Аксиологически позитивная репрезентация,,,
"Почить, преставиться в боге, бозе","умереть, скончаться; покоиться где-л. погребенным.","Тихонов.xlsx, Мокиенко.csv",Религиозная репрезентация; Пространственно-переходная модель,,,
"(Раз-два, один момент и т.п.) и ваших нет","о быстром исчезновении, гибели и т.п. кого-, чего-л.",Тихонов.xlsx,Фаталистическая репрезентация; Темпоральная репрезентация,,,
До последнего вздыхания,быть верным до смерти.,Тихонов.xlsx,Темпоральная репрезентация; Соматическая репрезентация,,,
Взлететь / Подняться на воздух,"неожиданно погибнуть, исчезнуть (о планах, мечтах и т.п.).","Тихонов.xlsx, Мокиенко.csv",Фаталистическая репрезентация; Семантика насильственного взаимодействия,,,
"Вынимать/вынуть душу, дух","убивать, умерщвлять.",Тихонов.xlsx,Религиозная репрезентация; Семантика насильственного взаимодействия,,,
"Не жалеть, не щадить и т.п. головы","не бояться погибнуть, отдать свою жизнь за кого-л., что-л.",Тихонов.xlsx,Семантика насильственного взаимодействия; Соматическая репрезентация; Социально-этическая семантика,Положительная,,
"Сложить, положить голову (за кого-, что-л.) или в борьбе (за что-л.)","погибнуть, отдать свою жизнь (за кого-, что-л.).",Тихонов.xlsx,Соматическая репрезентация; Социально-этическая семантика,Положительная,,
"Уйти, отойти и т.п. в горний мир, в горнюю обитель и т.п",умереть.,Тихонов.xlsx,Пространственно-переходная модель; Религиозная репрезентация; Аксиологически позитивная репрезентация,,,
"Вгонять/вогнать (загонять/загнать, сводить/ свести и т.п.) в гроб","доводить до смерти, приближать чью-л. смерть (жестоким обращением, тяжелым трудом и т.п.).",Тихонов.xlsx,Семантика насильственного взаимодействия; Хтоническая репрезентация,,,
"В гроб глядеть, смотреть","быть близким к смерти, доживать последние дни своей жизни (о старых или безнадежно больных людях).",Тихонов.xlsx,Хтоническая репрезентация; Пространственно-переходная модель,,,
"По ту сторону гроба (быть, находиться и т.п.)",об умершем.,Тихонов.xlsx,Хтоническая репрезентация; Пространственно-переходная модель,,,
"Ни за грош пропасть, погубить, погибнуть и т.п","совершенно зря, напрасно пропасть, погубить, погибнуть и т.п.",Тихонов.xlsx,Семантика насильственного взаимодействия; Социально-этическая семантика,Негативная,,
"За дверью, за дверями, за дверьми гроба, могилы; за гробовой дверью, за гробовыми дверями, дверьми, в дверях могилы (быть, находиться и т.п.); гробовые двери, двери гроба и т.п","о смерти, о приближении смерти (обычно в поэтической речи).",Тихонов.xlsx,Пространственно-переходная модель; Хтоническая репрезентация,,,
Дуба давать / дать / врезать,умирать.,"Тихонов.xlsx, Мокиенко.csv",Народно-поэтическая репрезентация,,,
"Отправиться, уйти и т.п. в Елисейские поля; в Елисейский полях быть, находиться и т.п.",умереть.,Тихонов.xlsx; Мокиенко.csv,Античное наследие (Греция и Рим); Пространственно-переходная модель; Аксиологически позитивная репрезентация,,,
"Класть, положить, отдать/отдавать жизнь за кого- , что-л.","погибать, умирать, жертвовать собой во имя кого-, чего-л.",Тихонов.xlsx,Социально-этическая семантика; Семантика насильственного взаимодействия,Положительная,,
"Только и жил, жила, жило","умер, внезапно лишился жизни.",Тихонов.xlsx,Фаталистическая репрезентация; Темпоральная репрезентация,,,
Закрывать (свои) глаза,умереть.,Тихонов.xlsx,Соматическая репрезентация; Аксиологически позитивная репрезентация,,,
Заснуть навеки,умереть.,Тихонов.xlsx,Темпоральная репрезентация; Фаталистическая репрезентация; Соматическая репрезентация; Аксиологически позитивная репрезентация,,,
"(Пусть, да будет) земля пухом кому-л.",употр. как пожелание при погребении умершего или при упоминании о нем.,Тихонов.xlsx,Хтоническая репрезентация; Античное наследие (Греция и Рим); Аксиологически позитивная репрезентация,,Пожелание «легкой» земли встречается еще у древнегреческого драматурга Еврипида (V в. до н.э.). У римлян часто высекалось на надгробиях в виде аббревиатуры S·T·T·L.,
При последнем издыхании,при смерти.,Тихонов.xlsx,Темпоральная репрезентация; Соматическая репрезентация,,,
Искупительная жертва,"о ком-, чем-л., пострадавшем, погибшем ради чего-л., за кого-л.",Тихонов.xlsx,Социально-этическая семантика; Семантика насильственного взаимодействия,Положительная,,
Испускать (испустить) последний вздох,"умирать, умереть.",Тихонов.xlsx,Темпоральная репрезентация; Соматическая репрезентация,,,
"Могильный кипарис, кипарис печали и т.п","в поэзии: эмблема смерти, печали .",Тихонов.xlsx,Античное наследие (Греция и Рим); Хтоническая репрезентация,,,
Один конец,"о чем-л. неприятном, но неизбежном (особенно о смерти).",Тихонов.xlsx,Фаталистическая репрезентация,,,
"Погибнуть, пропасть и т.п. ни за копейку","погибнуть, пропасть и т.п. ни за что, совершенно зря, напрасно.",Тихонов.xlsx,Семантика насильственного взаимодействия; Хтоническая репрезентация,,,
"На краю могилы, гроба, гибели (быть, находиться)",быть при смерти.,Тихонов.xlsx,Хтоническая репрезентация; Пространственно-переходная модель,,,
"Крышка (кому- , чему-л.)","а) гибель, конец.",Тихонов.xlsx,Семантика насильственного взаимодействия,,,
Умереть под ланцетом,умереть во время операции.,Тихонов.xlsx,Соматическая репрезентация,,,
Лебединая песня,"чье-л. последнее значительное произведение; последнее проявление деятельности, таланта (от поверья, что лебедь поет раз в жизни — перед смертью).",Тихонов.xlsx,Античное наследие (Греция и Рим); Темпоральная репрезентация,,,
"Лечь (ложиться) в гроб (в могилу, в землю)",умереть.,Тихонов.xlsx,Аксиологически позитивная репрезентация; Хтоническая репрезентация,,,
Лишать жизни,"умертвлять, убивать.",Тихонов.xlsx,Семантика насильственного взаимодействия,,,
Уйти (переселиться и т.п.) в лучший (в иной) мир,умереть.,Тихонов.xlsx,Пространственно-переходная модель; Аксиологически позитивная репрезентация,,,
Мир праху (душе); мир ему (умершему) и т.п. (устар.) пусть мирно покоится,"слова, произносимые при упоминании имени умершего.",Тихонов.xlsx,Религиозная репрезентация; Соматическая репрезентация; Телесная деструкция; Аксиологически позитивная репрезентация,,,
"На краю могилы (быть, находиться)","быть близким к смерти, при смерти.",Тихонов.xlsx,Хтоническая репрезентация; Фаталистическая репрезентация; Пространственно-переходная модель,,,
Смотреть (глядеть) в могилу,"иметь слабый, болезненный вид, быть близким к смерти; обычно о старом человеке.",Тихонов.xlsx,Хтоническая репрезентация; Фаталистическая репрезентация,,,
Унести (с собой) в могилу,"умереть, не сказав, не сообщив чего-л.",Тихонов.xlsx,Хтоническая репрезентация,,,
Мокрое место останется; мокрого места не останется (от кого-л.),"— ничего не останется (о полной гибели, уничтожении когол.).",Тихонов.xlsx,Семантика насильственного взаимодействия; Телесная деструкция,,,
Хождение по мукам,"ряд тяжелых жизненных испытаний (от древнего церковно-апокрифического верования в то, что в течение 40 дней после смерти человека душа его совершает «хождение по мукам» или «по мытарствам»),",Тихонов.xlsx,Религиозная репрезентация,Библейское,,
Мрут как мухи,"умирают, погибают в большом количестве.",Тихонов.xlsx,Народно-поэтическая репрезентация; Фаталистическая репрезентация,,,
"Ходить, водить, таскать и т.п. по мытарствам","из церковно-апокрифического верования, что в течение сорока дней после смерти человека его душа совершает хождение по мытарствам, или по мукам.",Тихонов.xlsx,Религиозная репрезентация,Библейское,,
Пушечное мясо; мясо для пушек,"о людях, посылаемых для ведения захватнической войны и подвергающихся массовой гибели, уничтожению.",Тихонов.xlsx,Семантика насильственного взаимодействия,,,
Наглая смерть (устар.),"неожиданная, внезапная смерть.",Тихонов.xlsx,Фаталистическая репрезентация,,,
"Найти (себе) могилу, смерть, кончину, конец и т.п","быть убитым, умереть.",Тихонов.xlsx; Мокиенко.csv,Хтоническая репрезентация; Фаталистическая репрезентация,,,
Напрасная смерть,"внезапная, неожиданная смерть.",Тихонов.xlsx,Фаталистическая репрезентация,,,
"Царство (царствие) (ему, ей, им) небесное",пожелание умершему загробной жизни в раю.,Тихонов.xlsx,Религиозная репрезентация; Аксиологически позитивная репрезентация,,,
Неестественная смерть,насильственная смерть.,Тихонов.xlsx,Семантика насильственного взаимодействия,,,
Обирать себя,"непроизвольно обдергивать, поправлять на себе платье, одеяло и т.п.; об умирающем.",Тихонов.xlsx,Соматическая репрезентация,,,
"Под обух, обух (идти, подводить и т.п.)","под угрозу гибели, несчастья (идти, подводить и т.п.).",Тихонов.xlsx,Пространственно-переходная модель; Семантика насильственного взаимодействия; Народно-поэтическая репрезентация,,,
"На смертном одре быть, лежать и т.п",умирать.,Тихонов.xlsx; Мокиенко.csv,Аксиологически позитивная репрезентация,,,
"Окончить свой дни, жизнь и т.п",умереть.,Тихонов.xlsx,Темпоральная репрезентация,,,
"Жизнь, душа отлетает, отлетит",о наступлении смерти.,Тихонов.xlsx,Религиозная репрезентация; Пространственно-переходная модель,,,
"Отправлять, отправить когол. на тот свет или к праотцам ",умерщвлять.,Тихонов.xlsx,Пространственно-переходная модель; Семантика насильственного взаимодействия,,,
"Отправляться, отправиться на тот свет или к праотцам",умирать.,Тихонов.xlsx,Пространственно-переходная модель,,,
Гражданская панихида,"собрание перед похоронами, посвященное памяти умершего; траурный митинг.",Тихонов.xlsx,Религиозная репрезентация,,,
Перевертываться (перевернуться) в гробу (разг. ),"шутливая поговорка об изумлении, ужасе, который испытал бы умерший, узнав о чем-л. неожиданном, неприятном и т.п.",Тихонов.xlsx,Хтоническая репрезентация; Социально-этическая семантика,Негативная,,
"Перепугивать, перепугать кого",н. насмерть (до смерти).,Тихонов.xlsx,Социально-этическая семантика,Негативная,,